word,label,sentence
a,A1,I have a dog.
about,A1,This book is about a dog.
above,A1,The cat is above the table.
across,A1,The cat walks across the table.
action,A1,I see the action.
activity,A1,I like the activity.
actor,A1,The actor is my friend.
actress,A1,She is an actress.
add,A1,I add two and three.
address,A1,My address is 10 Green Street.
adult,A1,My father is an adult.
advice,A1,I need your advice.
afraid,A1,I am afraid of the dog.
after,A1,I eat lunch after school.
afternoon,A1,I eat lunch in the afternoon.
again,A1,Please say that again.
age,A1,I am ten years of age.
ago,A1,I ate an apple two days ago.
agree,A1,I agree with my mother.
air,A1,The air is clean.
airport,A1,I go to the airport.
all,A1,All my family is here.
also,A1,I have a dog. I also have a cat.
always,A1,I always eat bread for breakfast.
amazing,A1,The food is amazing.
an,A1,I eat an apple.
and,A1,I have a mother and a father.
angry,A1,I am angry.
animal,A1,The animal is in the house.
another,A1,I want another apple.
answer,A1,I answer the question.
any,A1,I do not have any apples.
anybody,A1,Is anybody in the room?
anyone,A1,Is anyone in the room?
anything,A1,I do not have anything for breakfast.
anyway,A1,I do not like milk anyway.
anywhere,A1,I do not see my book anywhere.
apartment,A1,I live in an apartment.
app,A1,I have an app on my phone.
appear,A1,The cat appears in the kitchen.
appearance,A1,His appearance is nice.
apple,A1,I eat an apple.
apply,A1,I apply the cream on my hand.
april,A1,April is the fourth month.
architect,A1,The architect has a big house.
architecture,A1,The house has nice architecture.
area,A1,The kitchen is a small area.
argue,A1,I argue with my brother.
argument,A1,I have an argument with my brother.
arm,A1,I have one arm.
army,A1,The army has many soldiers.
around,A1,The cat is around the table.
arrange,A1,I arrange the books on the table.
arrangement,A1,I have an arrangement with my friend for lunch.
arrive,A1,I arrive at school.
art,A1,I like art.
artist,A1,The artist has a red apple.
as,A1,I am as tall as my brother.
ask,A1,I ask my mother for water.
asleep,A1,The baby is asleep.
assistant,A1,She is my assistant.
at,A1,I am at home.
athlete,A1,He is an athlete.
attack,A1,The dog does not attack the cat.
attend,A1,I attend school every day.
attention,A1,Please pay attention to the teacher.
attractive,A1,She is attractive.
audience,A1,The audience is big.
august,A1,August is my birthday month.
aunt,A1,My aunt has a red car.
author,A1,The author is my father.
autumn,A1,I like autumn.
available,A1,The water is available.
average,A1,The average number is five.
avoid,A1,I avoid the hot pan.
award,A1,I get an award for my good work.
away,A1,The cat is away.
awful,A1,The food is awful.
baby,A1,The baby has a small nose.
back,A1,I have a back.
background,A1,My family is in the background of the picture.
bad,A1,The food is bad.
bag,A1,I have a bag.
ball,A1,I have a red ball.
banana,A1,I eat a banana.
band,A1,I have a red band on my arm.
bank,A1,I put my money in the bank.
bath,A1,I take a bath.
bathroom,A1,I wash my hands in the bathroom.
be,A1,I be happy.
beach,A1,I go to the beach with my family.
beautiful,A1,The flower is beautiful.
because,A1,I am happy because I have a dog.
become,A1,I become happy when I see my mother.
bed,A1,I sleep in my bed.
bedroom,A1,I sleep in my bedroom.
beer,A1,I drink beer.
before,A1,I wash my hands before dinner.
begin,A1,The lesson begins at nine o'clock.
beginning,A1,The beginning of the day is morning.
behind,A1,The ball is behind the door.
believe,A1,I believe you.
below,A1,The cat is below the table.
best,A1,This is my best friend.
better,A1,I am better today.
between,A1,The apple is between the book and the cup.
bicycle,A1,I have a red bicycle.
big,A1,The dog is big.
bike,A1,I ride my bike.
bill,A1,The bill is on the table.
bird,A1,The bird is in the tree.
birthday,A1,My birthday is today.
black,A1,The cat is black.
blog,A1,I read a blog.
blonde,A1,She has blonde hair.
blue,A1,The sky is blue.
boat,A1,I see a boat.
body,A1,I have a body.
book,A1,I read a book.
boot,A1,I put my boot on my foot.
bored,A1,I am bored.
boring,A1,The book is boring.
born,A1,I was born in June.
both,A1,I have both arms.
bottle,A1,I have a bottle of water.
box,A1,I have a red box.
boy,A1,The boy has a red ball.
boyfriend,A1,My boyfriend is my friend.
bread,A1,I eat bread for breakfast.
break,A1,I break the bread.
breakfast,A1,I eat breakfast in the morning.
brilliant,A1,The sun is brilliant.
bring,A1,I bring my book to school.
broken,A1,My toy is broken.
brother,A1,I have a brother.
brown,A1,The dog is brown.
brush,A1,I brush my hair.
build,A1,I build a house with blocks.
building,A1,I see a big building.
burn,A1,The sun can burn my skin.
bus,A1,I take the bus to school.
business,A1,My father has a business.
businessman,A1,He is a businessman.
busy,A1,I am busy with my book.
but,A1,I like apples but I do not like oranges.
butter,A1,I eat butter on bread.
button,A1,I push the button.
buy,A1,I buy bread.
by,A1,I sit by my mother.
bye,A1,"Bye, Mum."
cafe,A1,I go to the cafe with my mother.
cake,A1,I eat a cake.
call,A1,I call my mother.
camera,A1,I have a camera.
camp,A1,I go to camp with my family.
camping,A1,I go camping with my family.
cannot,A1,I cannot swim.
capital,A1,London is the capital of England.
car,A1,I have a red car.
card,A1,I have a card.
care,A1,I care for my mother.
career,A1,She has a career as a nurse.
careful,A1,Be careful with the hot water.
carefully,A1,I eat my food carefully.
carpet,A1,The carpet is on the floor.
carrot,A1,I eat a carrot.
carry,A1,I carry my bag.
cartoon,A1,I watch a cartoon with my brother.
case,A1,I have a small case for my pencils.
cash,A1,I have cash for the food.
castle,A1,I see a big castle.
cat,A1,I have a cat.
catch,A1,I catch the ball.
cause,A1,The food can cause a pain in my stomach.
cd,A1,I have a cd.
cefr,A1,I study CEFR for my English class.
celebrate,A1,We celebrate my birthday with cake.
celebrity,A1,She is a celebrity.
cent,A1,A cent is one penny.
centre,A1,The book is on the centre of the table.
century,A1,A century is one hundred years.
certain,A1,I am certain this is my book.
certainly,A1,I certainly have one apple.
chair,A1,This is my chair.
chance,A1,I have a chance to eat an apple.
change,A1,I change my shirt.
character,A1,The story has one character.
charity,A1,I give money to charity.
chart,A1,I see a chart on the wall.
chat,A1,I chat with my friend.
cheap,A1,This book is cheap.
check,A1,I check my bag.
cheese,A1,I like cheese.
chef,A1,The chef cooks food.
chemistry,A1,I study chemistry at school.
chicken,A1,I eat chicken for dinner.
child,A1,The child has a red ball.
chip,A1,I eat a chip.
chocolate,A1,I like chocolate.
choice,A1,I have a choice: an apple or a banana.
choose,A1,I choose the red apple.
cinema,A1,I go to the cinema with my family.
city,A1,I live in a big city.
class,A1,I am in my English class.
classroom,A1,I am in the classroom.
clean,A1,I clean my hands.
climb,A1,I climb the tree.
clock,A1,I see a clock on the wall.
clothes,A1,I put my clothes on the bed.
club,A1,I go to the club with my dad.
coat,A1,I put on my coat.
coffee,A1,I drink coffee.
cold,A1,The water is cold.
college,A1,I go to college.
colour,A1,The apple is red in colour.
come,A1,I come to school.
common,A1,Dogs are common pets.
company,A1,My mother is good company.
compare,A1,I compare my apple and your orange.
complete,A1,I complete my homework.
computer,A1,I have a computer.
concert,A1,I go to a concert with my family.
contest,A1,I win the contest.
conversation,A1,I have a conversation with my friend.
cook,A1,I cook rice for my family.
cooking,A1,I like cooking rice.
cool,A1,The water is cool.
correct,A1,This answer is correct.
correspond,A1,This pen does not correspond to that paper.
cost,A1,The apple cost one dollar.
could,A1,I could see the cat.
country,A1,I live in a big country.
course,A1,"Of course, I eat rice."
cousin,A1,I have one cousin.
cow,A1,The cow is big.
cream,A1,I eat cream on my cake.
create,A1,I create a picture for my mother.
culture,A1,I like my family culture.
cup,A1,I have a cup.
customer,A1,The customer is happy.
cut,A1,I cut the apple.
dad,A1,My dad is tall.
dance,A1,I dance with my mother.
dancer,A1,She is a dancer.
dancing,A1,I like dancing with my mother.
dangerous,A1,Fire is dangerous.
dark,A1,The room is dark.
date,A1,The date is today.
daughter,A1,My daughter is small.
day,A1,I see the sun in the day.
dear,A1,My dear mother is kind.
december,A1,December has thirty-one days.
decide,A1,I decide to eat an apple.
definite,A1,I have a definite answer.
delicious,A1,The apple is delicious.
describe,A1,I describe my dog.
description,A1,This is a description of my dog.
design,A1,I design a house.
desk,A1,I have a desk in my room.
detail,A1,Please look at this detail in the picture.
dialogue,A1,We have a dialogue in class.
dictionary,A1,I have a dictionary.
die,A1,My fish can die.
diet,A1,I eat a healthy diet.
difference,A1,I see a difference between the red apple and the green apple.
different,A1,This apple is different from that apple.
difficult,A1,This book is difficult.
dinner,A1,I eat dinner with my family.
dirty,A1,My hands are dirty.
discuss,A1,We discuss the food.
dish,A1,I wash the dish.
doctor,A1,The doctor helps my mother.
dog,A1,I have a dog.
dollar,A1,The dollar is on the table.
door,A1,The door is big.
down,A1,The cat is down.
downstairs,A1,The cat is downstairs.
draw,A1,I draw a picture of my mother.
dress,A1,She has a red dress.
drink,A1,I drink water.
drive,A1,I drive a car.
driver,A1,The driver is my father.
during,A1,I sleep during the night.
dvd,A1,I watch a DVD with my family.
each,A1,Each child has one apple.
ear,A1,I have one ear.
early,A1,I wake up early.
east,A1,The sun rises in the east.
easy,A1,This lesson is easy.
eat,A1,I eat an apple.
egg,A1,I eat an egg for breakfast.
eight,A1,I have eight books.
eighteen,A1,I am eighteen years old.
eighty,A1,My grandmother is eighty years old.
elephant,A1,The elephant is big.
eleven,A1,I have eleven apples.
else,A1,I want something else to eat.
email,A1,I send an email to my friend.
end,A1,The book is at the end of the table.
enjoy,A1,I enjoy my food.
enough,A1,I have enough food.
euro,A1,The euro is my money.
even,A1,I have two apples and even one banana.
evening,A1,I eat dinner in the evening.
event,A1,The party is a fun event.
ever,A1,Have you ever eaten an apple?
every,A1,I eat an apple every day.
everybody,A1,Everybody likes ice cream.
everyone,A1,Everyone has a nose.
everything,A1,I eat everything on my plate.
exam,A1,I have an exam today.
example,A1,This is an example of an apple.
excited,A1,I am excited for my birthday.
exciting,A1,The game is exciting.
exercise,A1,I do exercise every day.
expensive,A1,The bread is expensive.
explain,A1,I explain my answer to the teacher.
extra,A1,I have an extra apple.
eye,A1,I have one eye.
face,A1,I have a face.
fact,A1,It is a fact that I have two hands.
fall,A1,I fall on the floor.
false,A1,The answer is false.
family,A1,I have a big family.
famous,A1,He is a famous singer.
fantastic,A1,The food is fantastic.
far,A1,My school is far from my house.
farm,A1,The farm has a cow.
farmer,A1,The farmer has a cow.
fast,A1,The car is fast.
fat,A1,The cat is fat.
father,A1,My father is a doctor.
favourite,A1,My favourite food is pizza.
february,A1,February has twenty-eight days.
feel,A1,I feel happy.
feeling,A1,I have a good feeling today.
festival,A1,I go to the festival with my family.
few,A1,I have few apples.
fifteen,A1,I have fifteen apples.
fifth,A1,This is my fifth apple.
fifty,A1,I have fifty books.
fill,A1,I fill the cup with water.
film,A1,I like the film.
final,A1,This is my final apple.
find,A1,I find my book.
fine,A1,I am fine.
finish,A1,I finish my homework.
fire,A1,The fire is hot.
first,A1,I eat my first apple.
fish,A1,I eat fish for dinner.
five,A1,I have five apples.
flat,A1,My flat is small.
flight,A1,The bird is in flight.
floor,A1,The book is on the floor.
flower,A1,I see a flower.
fly,A1,Birds fly in the sky.
follow,A1,I follow my mother.
food,A1,I eat food.
foot,A1,I have one foot.
football,A1,I play football with my brother.
for,A1,This is for you.
forget,A1,I forget my book.
form,A1,I form a circle with my hands.
forty,A1,I am forty years old.
four,A1,I have four apples.
fourteen,A1,I have fourteen apples.
fourth,A1,This is my fourth apple.
free,A1,The water is free.
friday,A1,I go to school on Friday.
friend,A1,I have one friend.
friendly,A1,The dog is friendly.
from,A1,I am from Japan.
front,A1,The cat is in front of the door.
fruit,A1,I eat fruit every day.
full,A1,The glass is full of water.
fun,A1,It is fun to play with my dog.
funny,A1,The cat is funny.
future,A1,I have a future with my family.
game,A1,I play a game with my brother.
garden,A1,I see a garden.
geography,A1,I study geography at school.
get,A1,I get a book.
girl,A1,The girl has a red ball.
girlfriend,A1,She is my girlfriend.
give,A1,I give my mother a flower.
glass,A1,I drink water from a glass.
go,A1,I go to school.
good,A1,This food is good.
goodbye,A1,"Goodbye, Mum."
grandfather,A1,My grandfather is old.
grandmother,A1,My grandmother has a blue chair.
grandparent,A1,I have one grandparent.
great,A1,The apple is great.
green,A1,The apple is green.
grey,A1,The cat is grey.
group,A1,We are a group of five.
grow,A1,Flowers grow in the garden.
guess,A1,I guess you are ten years old.
guitar,A1,I have a guitar.
gym,A1,I go to the gym.
hair,A1,I have black hair.
half,A1,I have half an apple.
hand,A1,I have one hand.
happen,A1,Things happen in my family.
happy,A1,I am happy.
hard,A1,The chair is hard.
hat,A1,I have a red hat.
hate,A1,I hate milk.
have,A1,I have a blue pen.
he,A1,He is my father.
head,A1,I have a head.
health,A1,I am in good health.
healthy,A1,I eat healthy food.
hear,A1,I hear the bird.
hello,A1,I say hello to my mother.
help,A1,I help my mother.
her,A1,This is her book.
here,A1,The book is here.
hey,A1,"Hey, this is my brother."
hi,A1,"Hi, I am Tom."
high,A1,The mountain is high.
him,A1,I see him.
his,A1,This is his book.
history,A1,I study history at school.
hobby,A1,I have a hobby.
holiday,A1,I go on holiday with my family.
home,A1,I go home after school.
homework,A1,I do my homework every day.
hope,A1,I hope for a new toy.
horse,A1,The horse is big.
hospital,A1,I go to the hospital.
hot,A1,The soup is hot.
hotel,A1,I am in a hotel.
hour,A1,I eat lunch in one hour.
house,A1,I live in a house.
how,A1,How are you?
however,A1,"I like apples. However, I have one banana."
hundred,A1,I have one hundred apples.
hungry,A1,I am hungry.
husband,A1,My husband is a doctor.
ice,A1,The ice is cold.
idea,A1,I have a good idea for my lunch.
if,A1,"If it is hot, I drink water."
imagine,A1,I imagine a big cake.
important,A1,My family is important to me.
improve,A1,I improve my English every day.
in,A1,The book is in my bag.
include,A1,The bag includes one apple.
indefinite,A1,I have an indefinite number of apples.
infinitive,A1,I like the word infinitive.
information,A1,I have information about my family.
interest,A1,I have an interest in food.
interested,A1,I am interested in food.
interesting,A1,The book is interesting.
internet,A1,I use the internet for school.
interview,A1,I have an interview today.
into,A1,The cat goes into the box.
introduce,A1,I introduce my mother to my friend.
island,A1,The island is small.
it,A1,It is a red apple.
its,A1,The cat eats its food.
jacket,A1,I have a red jacket.
january,A1,January has thirty-one days.
jeans,A1,I wear blue jeans.
job,A1,I have a job.
join,A1,I join the club.
journey,A1,My family is on a long journey.
juice,A1,I drink juice for breakfast.
july,A1,July is a summer month.
june,A1,June is a summer month.
just,A1,I just have one apple.
keep,A1,I keep my book on the table.
key,A1,This is my key.
kilometre,A1,The school is one kilometre from my house.
kind,A1,She is a kind mother.
kitchen,A1,I am in the kitchen.
know,A1,I know my mother.
lamp,A1,I see a lamp.
land,A1,The bird is on the land.
language,A1,I learn a new language.
large,A1,The box is large.
late,A1,I am late for school.
later,A1,I eat lunch later.
laugh,A1,I laugh with my friend.
learn,A1,I learn English.
leave,A1,I leave my bag at home.
left,A1,I left my book on the table.
leg,A1,I have one leg.
lesson,A1,I have a lesson today.
let,A1,Let me help you.
letter,A1,I have a letter from my mother.
level,A1,The water level is high.
library,A1,I go to the library with my mother.
life,A1,I have a happy life.
light,A1,The light is on the table.
like,A1,I like apples.
line,A1,I draw a line on the paper.
lion,A1,The lion is big.
list,A1,I have a list of numbers.
listen,A1,I listen to my mother.
little,A1,I have a little dog.
local,A1,I eat at a local shop.
look,A1,I look at my mother.
lose,A1,I lose my pen.
lot,A1,I have a lot of apples.
love,A1,I love my mother.
lunch,A1,I eat lunch at one.
machine,A1,I have a machine.
magazine,A1,I read a magazine.
main,A1,This is my main book.
make,A1,I make a cake.
man,A1,The man is my father.
many,A1,I have many books.
map,A1,I have a map.
march,A1,We march in the park.
marker,A1,I have a red marker.
market,A1,I go to the market with my mother.
married,A1,She is married to my brother.
match,A1,I have a red match.
may,A1,I may eat an apple.
maybe,A1,Maybe I eat an apple.
me,A1,She gives me an apple.
meal,A1,I eat a meal with my family.
mean,A1,What does this word mean?
meaning,A1,What is the meaning of this word?
meat,A1,I eat meat for dinner.
meet,A1,I meet my friend.
meeting,A1,I have a meeting with my friend.
member,A1,I am a member of my family.
menu,A1,I see the menu on the table.
message,A1,I have a message for my mother.
metre,A1,The table is one metre long.
midnight,A1,I go to bed at midnight.
mile,A1,The school is one mile from my house.
milk,A1,I drink milk.
million,A1,There are one million people in the city.
miss,A1,I miss my mother.
mistake,A1,I make a mistake with the number.
model,A1,I have a model car.
modern,A1,I have a modern phone.
moment,A1,I wait for a moment.
monday,A1,I go to school on Monday.
money,A1,I have some money.
month,A1,I have one month.
more,A1,I want more rice.
morning,A1,I eat bread in the morning.
most,A1,I like milk most.
mother,A1,My mother is a teacher.
mountain,A1,The mountain is big.
mouse,A1,The mouse is small.
mouth,A1,I have a mouth.
move,A1,I move my hand.
movie,A1,I watch a movie with my family.
much,A1,I do not have much money.
mum,A1,My mum is kind.
museum,A1,I go to the museum with my family.
music,A1,I like music.
must,A1,I must go to school.
my,A1,This is my book.
name,A1,My name is Tom.
natural,A1,The water is natural.
near,A1,The cat is near the food.
need,A1,I need water.
negative,A1,I feel negative.
neighbour,A1,My neighbour has a cat.
never,A1,I never eat fish.
new,A1,I have a new book.
news,A1,I read the news on my phone.
newspaper,A1,I read a newspaper.
next,A1,The next boy is my brother.
nice,A1,The apple is nice.
night,A1,I sleep at night.
nine,A1,I have nine apples.
nineteen,A1,I am nineteen years old.
ninety,A1,I have ninety books.
no,A1,I have no apples.
nobody,A1,Nobody is in the room.
north,A1,The sun is in the north.
nose,A1,I have a nose.
not,A1,I am not hungry.
note,A1,I have a note for my mother.
nothing,A1,I have nothing in my hand.
november,A1,November has thirty days.
now,A1,I am happy now.
nurse,A1,The nurse helps my mother.
object,A1,I see an object on the table.
october,A1,October has thirty-one days.
of,A1,This is a cup of tea.
off,A1,The book is off the table.
office,A1,I go to the office.
often,A1,I often eat bread for breakfast.
oh,A1,"Oh, I see a dog."
ok,A1,I am ok.
old,A1,My grandmother is old.
on,A1,The book is on the table.
once,A1,I eat lunch once a day.
one,A1,I have one brother.
onion,A1,I eat an onion.
online,A1,I am online with my friend.
only,A1,I have only one brother.
open,A1,I open the door.
opinion,A1,My opinion is that pizza is good.
opposite,A1,The cat is opposite the dog.
or,A1,I have one apple or two.
orange,A1,I have an orange.
order,A1,I order a coffee.
other,A1,I have one other brother.
our,A1,This is our house.
out,A1,The cat is out.
outside,A1,The cat is outside.
over,A1,The cat is over the box.
own,A1,I own a red ball.
oxford,A1,I have an Oxford book.
page,A1,I read one page of my book.
paint,A1,I paint a red flower.
painting,A1,I see a painting on the wall.
pair,A1,I have one pair of shoes.
paper,A1,I have a paper.
paragraph,A1,I read a paragraph in my book.
parent,A1,My parent is at home.
park,A1,I go to the park.
part,A1,This is a part of my body.
partner,A1,My partner is my friend.
party,A1,I go to a party.
passport,A1,I have a passport.
past,A1,It is one hour past two.
pay,A1,I pay for my bread.
pen,A1,I have a blue pen.
pencil,A1,I have a pencil.
people,A1,Many people have two eyes.
pepper,A1,I eat pepper on my food.
perfect,A1,The apple is perfect.
period,A1,I have one period in math class.
person,A1,She is a nice person.
personal,A1,This is my personal book.
phone,A1,I have a phone.
photo,A1,This is a photo of my family.
photograph,A1,I look at a photograph of my family.
phrase,A1,I learn a new phrase in class.
piano,A1,I play the piano.
picture,A1,I see a picture of my family.
piece,A1,I eat a piece of bread.
pig,A1,The pig is big.
pink,A1,The flower is pink.
place,A1,The book is on the table in my place.
plan,A1,I plan my day.
plane,A1,The plane is big.
plant,A1,I water the plant.
play,A1,I play with my ball.
player,A1,The player has a ball.
pleasant,A1,The weather is pleasant today.
please,A1,Please give me a glass of water.
point,A1,This is my point.
police,A1,The police help people.
policeman,A1,The policeman is my friend.
pool,A1,The children play in the pool.
poor,A1,The poor man has no food.
popular,A1,This food is popular.
positive,A1,I am positive about my family.
possible,A1,It is possible to see the sun.
post,A1,I post a letter.
potato,A1,I eat a potato.
pound,A1,The apple costs one pound.
practice,A1,I practice the piano every day.
practise,A1,I practise my English every day.
prefer,A1,I prefer apples.
prepare,A1,I prepare food for my family.
present,A1,I present a gift to my mother.
press,A1,I press the button.
pretty,A1,The flower is pretty.
price,A1,The price is ten dollars.
probably,A1,I probably have two apples.
problem,A1,I have a problem with my hand.
product,A1,This product is good food.
programme,A1,I watch a programme on TV.
project,A1,I have a school project.
purple,A1,The apple is purple.
put,A1,I put the book on the table.
quarter,A1,I eat a quarter of the apple.
question,A1,I have a question for you.
quick,A1,The cat is quick.
quickly,A1,She eats her food quickly.
quiet,A1,The cat is quiet.
quite,A1,The food is quite good.
radio,A1,I listen to the radio.
rain,A1,It rains today.
read,A1,I read a book.
reader,A1,I am a reader.
reading,A1,I am reading a book.
ready,A1,I am ready for school.
real,A1,This is a real apple.
really,A1,I really like my dog.
reason,A1,I have one reason for my answer.
red,A1,The apple is red.
relax,A1,I relax on the bed.
remember,A1,I remember my mother.
repeat,A1,Please repeat the number.
report,A1,I report my lunch to my mom.
restaurant,A1,I eat food in a restaurant.
result,A1,The result is a number.
return,A1,I return the book to the library.
rice,A1,I eat rice for dinner.
rich,A1,My family is rich.
ride,A1,I ride my bike.
right,A1,This is my right hand.
river,A1,The river is big.
road,A1,The car is on the road.
room,A1,I have a room.
routine,A1,I have a morning routine.
rule,A1,The rule is no food in class.
run,A1,I run every day.
sad,A1,I am sad.
salad,A1,I eat a salad.
salt,A1,The salt is on the table.
same,A1,We have the same book.
sandwich,A1,I eat a sandwich for lunch.
saturday,A1,I go to school on Saturday.
say,A1,I say hello to my mother.
sb,A1,Sb is my friend.
school,A1,I go to school.
science,A1,I like science.
scientist,A1,The scientist has a book.
sea,A1,I see the sea.
section,A1,I read section one.
see,A1,I see a bird.
sell,A1,I sell apples.
send,A1,I send a letter to my mother.
sentence,A1,This is a sentence.
september,A1,September is the ninth month.
seven,A1,I have seven apples.
seventeen,A1,I am seventeen years old.
seventy,A1,I have seventy apples.
share,A1,I share my apple with my friend.
she,A1,She is my mother.
sheep,A1,The sheep is white.
shirt,A1,I have a blue shirt.
shoe,A1,I have a red shoe.
shop,A1,I go to the shop for bread.
shopping,A1,I go shopping for food.
short,A1,My pencil is short.
should,A1,You should drink water.
show,A1,I show my book to my friend.
shower,A1,I take a shower in the morning.
sick,A1,I am sick today.
similar,A1,My cat and your cat are similar.
sing,A1,I sing a song.
singer,A1,She is a singer.
sister,A1,I have a sister.
sit,A1,I sit on the chair.
situation,A1,The situation is good.
six,A1,I have six apples.
sixteen,A1,I am sixteen years old.
sixty,A1,My grandmother is sixty years old.
skill,A1,I have a skill for counting.
skirt,A1,She has a red skirt.
sleep,A1,I sleep in my bed.
slow,A1,The car is slow.
small,A1,I have a small nose.
snake,A1,The snake is long.
snow,A1,The snow is white.
so,A1,I am so happy.
some,A1,I have some apples.
somebody,A1,Somebody is in my family.
someone,A1,Someone is in the kitchen.
something,A1,I want something to eat.
sometimes,A1,I sometimes eat bread for breakfast.
son,A1,My son is five years old.
song,A1,I sing a song.
soon,A1,I will eat lunch soon.
sorry,A1,I am sorry.
sound,A1,The sound is loud.
soup,A1,I eat soup for lunch.
south,A1,The sun is in the south.
space,A1,I need space for my book.
speak,A1,I speak English.
special,A1,This is my special toy.
spell,A1,I spell my name.
spelling,A1,My spelling is good.
spend,A1,I spend one dollar on milk.
sport,A1,I play a sport with my friend.
spring,A1,I see flowers in spring.
stand,A1,I stand by the door.
star,A1,I see a star.
start,A1,I start my day with milk.
statement,A1,This is my statement.
station,A1,The train is at the station.
stay,A1,I stay at home with my mother.
sth,A1,I have sth for you.
still,A1,I am still in bed.
stop,A1,The bus will stop here.
story,A1,I read a story about a dog.
street,A1,I live on a street.
strong,A1,He is strong.
student,A1,I am a student.
study,A1,I study English.
style,A1,I like your style.
subject,A1,My favorite subject is math.
success,A1,My success is my happy family.
sugar,A1,I put sugar in my tea.
summer,A1,Summer is hot.
sun,A1,The sun is hot.
sunday,A1,I go to the park on Sunday.
supermarket,A1,I go to the supermarket for food.
sure,A1,I am sure this is my book.
sweater,A1,I have a red sweater.
swim,A1,I swim in the pool.
swimming,A1,I like swimming.
t-shirt,A1,I wear a blue t-shirt.
table,A1,The book is on the table.
take,A1,I take an apple.
talk,A1,I talk to my mother.
tall,A1,He is tall.
taxi,A1,I take a taxi to school.
tea,A1,I drink tea.
teach,A1,I teach my mother numbers.
teacher,A1,My teacher is nice.
team,A1,We are a team.
teenager,A1,The teenager has a brother.
telephone,A1,I have a telephone.
television,A1,I watch television with my family.
tell,A1,I tell my mother the story.
ten,A1,I have ten fingers.
tennis,A1,I play tennis with my friend.
terrible,A1,The food is terrible.
test,A1,I have a test today.
text,A1,I read a text.
than,A1,She is taller than me.
thank,A1,I thank my mother for the food.
thanks,A1,Thanks for the apple.
that,A1,That is my book.
the,A1,The cat is on the bed.
theatre,A1,I go to the theatre with my family.
their,A1,They have their books.
them,A1,I see them.
then,A1,I eat breakfast then I go to school.
there,A1,There is a book on the table.
they,A1,They are my friends.
thing,A1,This is my thing.
think,A1,I think my mother is kind.
third,A1,This is my third apple.
thirsty,A1,I am thirsty.
thirteen,A1,I have thirteen apples.
thirty,A1,I have thirty fingers.
this,A1,This is my book.
thousand,A1,I have one thousand books.
three,A1,I have three apples.
through,A1,I walk through the door.
thursday,A1,Thursday is my day for bread.
ticket,A1,I have a ticket.
time,A1,I have time for lunch.
tired,A1,I am tired.
title,A1,The title of my book is Red.
to,A1,I go to school.
today,A1,I eat bread today.
together,A1,We eat together.
toilet,A1,I go to the toilet.
tomato,A1,I eat a tomato.
tomorrow,A1,I will see you tomorrow.
tonight,A1,I eat dinner with my family tonight.
too,A1,This cake is too hot.
tooth,A1,I have a tooth.
topic,A1,My topic is my family.
tourist,A1,The tourist has a map.
town,A1,I live in a small town.
traffic,A1,The traffic is bad.
train,A1,I take the train to school.
travel,A1,I travel to school by bus.
tree,A1,The tree is big.
trip,A1,I take a trip to the park.
trousers,A1,I wear blue trousers.
true,A1,This is true.
try,A1,I try the cake.
tuesday,A1,Tuesday is a day.
turn,A1,I turn the page.
tv,A1,I watch tv with my family.
twelve,A1,I have twelve apples.
twenty,A1,I have twenty fingers.
twice,A1,I eat breakfast twice a day.
two,A1,I have two apples.
type,A1,I type my name.
umbrella,A1,I have an umbrella.
uncle,A1,My uncle has a car.
under,A1,The cat is under the table.
understand,A1,I understand the number.
unit,A1,I have one unit of milk.
university,A1,I go to the university.
until,A1,I wait until five.
up,A1,I get up at seven.
who,A1,Who is she?
why,A1,Why are you sad?
wife,A1,My wife is a doctor.
will,A1,I will eat an apple.
win,A1,I win the game.
window,A1,The window is big.
wine,A1,I drink wine with dinner.
winter,A1,It is cold in winter.
with,A1,I eat bread with butter.
without,A1,I drink tea without sugar.
woman,A1,The woman has a red apple.
wonderful,A1,The food is wonderful.
word,A1,I read a word in my book.
work,A1,I work in a school.
worker,A1,The worker is my father.
world,A1,The world is big.
would,A1,I would like a banana.
write,A1,I write my name.
writer,A1,She is a writer.
writing,A1,I am writing my name.
wrong,A1,This answer is wrong.
yeah,A1,"Yeah, I like milk."
year,A1,I am seven years old.
yellow,A1,The sun is yellow.
yes,A1,"Yes, I have one brother."
yesterday,A1,I ate bread yesterday.
you,A1,You are my friend.
young,A1,The boy is young.
your,A1,This is your book.
yourself,A1,You see yourself in the mirror.
ability,A2,He showed his ability to cook dinner because his parents were busy.
able,A2,Yesterday I was able to buy the tickets because I had enough money.
abroad,A2,He went abroad last summer because he wanted to visit his cousin.
academic,A2,He chose an academic book from the library because he wanted to learn about history.
accept,A2,She accepted the gift because it was from her best friend.
access,A2,Yesterday I could not access my online bank account because I forgot my password.
accident,A2,He had an accident in the kitchen because he dropped a glass.
accommodation,A2,We booked our accommodation near the beach because we wanted to swim every day.
according,A2,"According to the map, the shop was on the left, and we walked there because it was near the station."
account,A2,She closed her bank account because she moved to a new city.
achieve,A2,She worked hard and achieved her goal of buying a new bicycle.
achievement,A2,My biggest achievement last year was learning to cook three new dishes because I wanted to eat healthier.
act,A2,He acted in the school play last year because he loved being on stage.
active,A2,Yesterday I was very active because I played football with my friends in the park.
actually,A2,I actually went to the supermarket yesterday because I needed milk and bread.
ad,A2,"I saw an ad for a new store, and I went there because they had a big sale."
addition,A2,I bought a new book for my collection in addition to the ones I already have.
admire,A2,I admired the beautiful paintings in the museum because my friend is a talented artist.
admit,A2,I admitted that I forgot to buy milk because I was in a hurry.
advanced,A2,He advanced to the front of the line because he was in a hurry.
advantage,A2,The hotel had a big advantage because it was close to the beach and the shops.
adventure,A2,Yesterday we had a little adventure in the forest because we found a hidden path.
advertise,A2,They advertised the new café in the local newspaper because they wanted more customers.
advertisement,A2,"I saw an advertisement for a new supermarket, and I went there because they had a special offer on bread."
advertising,A2,"I saw a lot of advertising for the new supermarket, and I decided to visit it yesterday."
advise,A2,He advised me to buy the cheaper tickets because the train was very busy.
affect,A2,The bad weather affected our travel plans because the train was delayed.
afford,A2,She could not afford the red dress because it was too expensive.
against,A2,He leaned the bicycle against the wall because it was windy outside.
aged,A2,The man aged quickly because he worked outside every day.
agent,A2,The travel agent helped me book my flight because I was nervous about the trip.
agreement,A2,"They made an agreement to meet at the park, and they both arrived on time."
ah,A2,"Ah, I forgot to buy milk because the shop was closed."
ahead,A2,We walked ahead to the bus stop because we did not want to be late.
aim,A2,"Yesterday, I aimed to buy some bread and milk because I wanted to make breakfast."
airline,A2,We took the airline to Spain last summer because the tickets were cheap.
alarm,A2,I set my alarm for seven o'clock because I had an early flight.
album,A2,I bought a music album yesterday because I like the singer.
alcohol,A2,He bought some alcohol for the party because his friends were coming.
alcoholic,A2,He stopped drinking alcoholic drinks because his doctor told him it was bad for his health.
alive,A2,"The cat was alive after the storm, and we were very happy because it was safe."
allow,A2,My parents will allow me to go to the cinema because I finished my homework.
almost,A2,He almost missed the bus because he woke up late.
alone,A2,She stayed home alone because she was feeling tired.
along,A2,We walked along the beach because the weather was nice.
already,A2,"I already bought the tickets for the train, and we can leave tomorrow."
alternative,A2,He chose the bus as an alternative because his car was broken.
although,A2,"Although it was raining, she went to the park and played with her friends."
amazed,A2,I was amazed by the big cake at the party because it had many colorful candles.
ambition,A2,He studied hard because his ambition was to become a doctor.
ambitious,A2,"He was ambitious, so he studied hard for the exam because he wanted a good job."
among,A2,She looked for her friend among the crowd at the station because they were going to travel together.
amount,A2,She bought a small amount of milk because she only needed it for her coffee.
analyse,A2,I analysed the prices in the shop because I wanted to save money.
analysis,A2,I did a simple analysis of my shopping list because I wanted to save money.
ancient,A2,We visited an ancient temple during our holiday because my father loves history.
ankle,A2,"She hurt her ankle when she fell off her bike, and she went to the doctor."
announce,A2,"The teacher will announce the test results tomorrow, and the students are very nervous."
announcement,A2,"The teacher made an announcement about the school trip, and everyone was very excited."
annoy,A2,The noise from the street annoyed me because I was trying to sleep.
annoyed,A2,He was annoyed because the bus was late and he missed his appointment.
annoying,A2,The noise from the construction site was very annoying because I could not sleep.
apart,A2,We sat apart on the bus because there were no empty seats together.
apologize,A2,I apologized to my friend because I forgot to buy the bread at the shop.
application,A2,I filled out an application for a new library card because I wanted to borrow books.
appointment,A2,"I had a doctor's appointment yesterday, and I arrived early because I did not want to wait."
appreciate,A2,I appreciated the gift because it was very thoughtful.
approximately,A2,The journey took approximately two hours because the traffic was heavy.
arrest,A2,The police arrested the man because he stole a bag from the shop.
arrival,A2,The arrival of the train was late because of the bad weather.
assignment,A2,I finished my assignment yesterday because I wanted to watch a movie.
assist,A2,I assisted my mother in the kitchen because she was cooking dinner.
atmosphere,A2,The atmosphere at the party was fun because everyone was dancing and laughing.
attach,A2,I will attach the receipt to the bag because you might need it later.
attitude,A2,He had a good attitude during the trip because he helped everyone with their bags.
attract,A2,The bright colors of the flowers in the shop window attracted many customers because they looked beautiful.
attraction,A2,"The main attraction of the park was the big lake, and we went there every weekend."
authority,A2,The teacher had the authority to decide the class rules because she was in charge.
aware,A2,"He was not aware of the time, and he missed the bus because it left early."
backwards,A2,He walked backwards down the hallway because he was looking for his keys.
badly,A2,He played badly in the match yesterday because he was tired.
bake,A2,Yesterday I baked a chocolate cake for my friend because it was her birthday.
balance,A2,Yesterday I checked my bank balance because I wanted to buy a new book.
ban,A2,The school banned phones in class because they were too distracting.
bar,A2,He went to the bar because he wanted to buy some chocolate.
base,A2,He based his decision on the price because he wanted to save money.
baseball,A2,Yesterday I watched a baseball game with my friends because we all love sports.
based,A2,"The movie was based on a true story, and I liked it very much."
basic,A2,He learned some basic words in English because he wanted to travel to London.
basis,A2,We chose this hotel as the basis for our trip because it was close to the train station.
basketball,A2,"We played basketball in the park yesterday, and I scored the winning point because my friend passed me the ball."
battery,A2,I bought a new battery for my remote control because the old one stopped working.
battle,A2,He battled with the heavy shopping bags because the store was far from his car.
bean,A2,I bought some beans at the shop because I wanted to make soup for dinner.
bear,A2,"She could not bear the heavy bag, so she put it down to rest."
beat,A2,He beat his brother at the game yesterday because he practiced a lot.
beauty,A2,She bought the flowers because she loved their beauty.
bee,A2,Yesterday I saw a bee in the garden because it was flying near the flowers.
beef,A2,I bought some beef at the supermarket because I wanted to make dinner.
behave,A2,The children behaved very well in the shop because their mother promised them a treat.
behaviour,A2,His behaviour at the restaurant was very good because he said please and thank you.
belief,A2,She did not buy the dress because her belief was that it cost too much.
bell,A2,The bell rang loudly because the class was over.
belong,A2,"That book did not belong to me, so I gave it back to the library."
belongs,A2,"The book belongs to the library, and I returned it yesterday because I finished reading it."
belt,A2,He bought a new belt because his old one was too small for his trousers.
benefit,A2,"The walk to school every morning was a great benefit for my health, and I felt much better."
billion,A2,He saved a billion dollars for his family because he worked very hard.
bin,A2,I put the empty bottles in the recycling bin because I wanted to help the environment.
biology,A2,I studied biology yesterday because we have a test next week.
birth,A2,She was very happy because she celebrated her dog's birth last week.
biscuit,A2,I ate a biscuit with my tea because I was hungry.
bit,A2,I bit into the apple because it looked fresh and juicy.
bite,A2,The word bite is commonly used in everyday language.
blank,A2,She filled in the blank on the form because she wanted to join the library.
block,A2,"The car blocked the driveway, so we could not leave."
blood,A2,"He cut his finger and there was blood on the paper, so he went to find a bandage."
blow,A2,The word blow is commonly used in everyday language.
board,A2,He got on the board and rode the bus to school because it was raining.
boil,A2,I boiled some water for tea because I was cold.
bomb,A2,"The bomb exploded in the city, and the people ran away because they were scared."
bone,A2,The dog found a bone in the garden and he was very happy.
border,A2,They crossed the border into France because they wanted to visit the mountains.
borrow,A2,I borrowed a book from the library because I wanted to read it on my holiday.
boss,A2,My boss was happy because I finished my work early.
bother,A2,I didn't bother to buy milk because I was in a hurry.
bottom,A2,He looked at the bottom of his shoe because he stepped in some water.
bowl,A2,Yesterday I bought a new bowl because my old one broke.
brain,A2,"I used my brain to solve the puzzle, and I felt very happy."
branch,A2,He went to the bank branch yesterday because he needed to open a new account.
brand,A2,I bought that brand of shoes because they were comfortable and cheap.
brave,A2,She was brave when she went to the new shop alone because she did not know the way.
breath,A2,He took a deep breath before he went into the shop because he was nervous.
breathe,A2,He breathed deeply after his long walk because he was very tired.
breathing,A2,He stopped running because his breathing was very fast and loud.
bride,A2,The bride wore a white dress and smiled because she was very happy.
bridge,A2,Yesterday we walked over the old bridge because we wanted to see the river.
bright,A2,"The sun was very bright yesterday, so I wore my sunglasses."
bubble,A2,The children played with bubbles in the park because it was a sunny day.
bury,A2,The dog will bury his bone in the garden because he wants to save it for later.
calm,A2,"The sea was very calm during our boat trip, and we enjoyed the sunny weather."
campaign,A2,"The school started a campaign to clean the park, and many students helped."
campus,A2,Yesterday I walked around the campus because I wanted to find the library.
candidate,A2,The candidate arrived early for the interview because she wanted to be ready.
cap,A2,He bought a new cap because his old one was too small.
captain,A2,The captain told us to put on our life jackets because the weather was bad.
careless,A2,He was careless with his money and lost his wallet because he left it on the bus.
category,A2,I put all my clothes into one category because it was easier for packing.
ceiling,A2,He looked up at the ceiling because he heard a strange noise from the room above.
celebration,A2,We had a big celebration for my birthday because all my friends came to my house.
central,A2,"The hotel was in a central location, and we walked to the shops because it was very convenient."
ceremony,A2,We had a small ceremony for my grandmother's birthday because she wanted a quiet party.
chain,A2,She bought a new chain for her bicycle because the old one was broken.
challenge,A2,The shopping trip was a challenge because I had to carry many heavy bags.
champion,A2,He was the champion of the school running race last year because he trained every day.
channel,A2,We watched a nature channel on TV because my brother loves animals.
chapter,A2,I finished reading a chapter of my book last night because I wanted to learn more about the story.
charge,A2,He charged his phone before the trip because he wanted to listen to music on the bus.
cheat,A2,He cheated on the test because he did not study for it.
cheerful,A2,She felt cheerful after her shopping trip because she found a nice dress on sale.
chemical,A2,He bought a cleaning product because it did not have a strong chemical smell.
chest,A2,He put his clothes in the chest because he wanted to keep his room tidy.
childhood,A2,I played with my friends every day during my childhood because we lived near a big park.
church,A2,We went to the church yesterday because my cousin was singing in the choir.
cigarette,A2,He bought a pack of cigarettes at the shop because he wanted to smoke after dinner.
circle,A2,We drew a big circle on the paper and then colored it blue because it looked like the sky.
claim,A2,She claimed a refund for the broken toy because she had the receipt.
classical,A2,We listened to classical music on the radio because it was very relaxing.
clause,A2,She read the contract carefully because the first clause explained the payment rules.
clear,A2,"The sky was clear yesterday, so we went to the park."
clearly,A2,He spoke clearly during the presentation because he wanted everyone to understand.
clever,A2,He was clever and found a cheaper ticket for the train because he looked online.
click,A2,He clicked the button on the website because he wanted to buy the shoes.
client,A2,The client called the office because he had a question about his order.
climate,A2,"The climate was very hot during our holiday, so we went swimming every day."
closed,A2,The shop was closed yesterday because it was a public holiday.
cloth,A2,I bought a soft cloth because I wanted to clean the table.
clothing,A2,She bought new clothing for her trip because the weather was cold.
cloud,A2,"The sky was full of gray clouds, so I took my umbrella because I thought it would rain."
clue,A2,He had no clue where his keys were because he left them on the bus.
coach,A2,Yesterday my coach told me to practice more because the match is next week.
coal,A2,We used coal in the fireplace last winter because it kept the house warm.
coast,A2,We drove along the coast because the weather was sunny and warm.
code,A2,He forgot the code for his phone because he changed it yesterday.
coin,A2,He found a coin on the ground and put it in his pocket because he wanted to save it.
colleague,A2,My colleague and I went to the shop because we needed paper for the office.
collect,A2,Yesterday I went to the post office because I had to collect a package.
collection,A2,He showed me his collection of stamps because he was very proud of it.
coloured,A2,She coloured the picture with her new pencils because she wanted to give it to her friend.
column,A2,He read the first column of the shopping list because he wanted to find the bread.
combine,A2,Yesterday I combined flour and eggs to make pancakes for breakfast.
comedy,A2,We watched a comedy at the cinema last night because my friend loves funny movies.
comfortable,A2,The hotel room was comfortable because it had a big bed and soft pillows.
comment,A2,She made a comment about the food because it was very salty.
commercial,A2,"We watched a commercial on television, and then we went to the shop because my mother wanted to buy the drink."
commit,A2,She committed to buying the train tickets early because they were cheaper.
communicate,A2,Yesterday I used my phone to communicate with my friend because she was in another city.
communication,A2,We had good communication during our trip because we used a map and asked for directions.
community,A2,The community helped clean the park last weekend because it was very dirty.
comparison,A2,I made a comparison between the two jackets and chose the blue one because it was cheaper.
compete,A2,"Our team will compete in the race tomorrow, and I am very excited."
competition,A2,She joined the competition because she wanted to win a prize.
competitive,A2,The game was competitive because both teams wanted to win.
competitor,A2,The competitor won the race because he trained very hard.
complain,A2,She complained about the cold soup because she wanted a hot meal.
complaint,A2,I made a complaint to the hotel manager because my room was too cold.
completely,A2,"I completely forgot my shopping list, and I had to go back home."
complex,A2,"The homework was complex, and I asked my teacher for help because I did not understand it."
concentrate,A2,I concentrated on my homework because the test was tomorrow.
conclude,A2,We will conclude our shopping trip after we buy some milk because the store is closing soon.
condition,A2,"The weather condition was bad yesterday, so we stayed home and watched movies."
conference,A2,He went to a conference for work and learned about new technology.
connect,A2,"Yesterday I could not connect to the internet, so I called the help desk."
connected,A2,"Yesterday, I connected my phone to the hotel Wi-Fi because I needed to check my emails."
consider,A2,I considered buying the blue jacket because it was cheaper.
contain,A2,The box contained old toys and books because we cleaned the garage.
context,A2,I understood the meaning of the word from the context of the sentence because the other words helped me.
continent,A2,He wanted to visit a new continent because he loved to travel.
continue,A2,She continued her shopping trip because she needed to buy more food.
control,A2,"He could not control the car on the icy road, so he drove very slowly."
cooker,A2,I bought a new cooker yesterday because my old one stopped working.
copy,A2,The word copy is commonly used in everyday language.
corner,A2,He turned the corner and saw the bus stop because he was late for school.
correctly,A2,He answered all the questions correctly because he studied the map before the trip.
count,A2,She counted her money before shopping because she wanted to buy a gift.
couple,A2,They bought a couple of apples and some bread because they were hungry.
cover,A2,I covered the pot with a lid because the soup was too hot.
crazy,A2,Yesterday I saw a man with crazy hair in the park because he was dancing to loud music.
creative,A2,She was very creative and made a birthday card for her friend because she wanted it to be special.
credit,A2,She used her credit card to pay for the shopping because she forgot her cash.
crime,A2,He called the police because he saw a crime near the shop.
criminal,A2,The police caught the criminal because he stole a bag from the shop.
cross,A2,We crossed the street because the supermarket was on the other side.
crowd,A2,"The crowd at the market was very big, so I waited for my turn to buy fruit."
crowded,A2,"The train was crowded yesterday, so I stood all the way home."
cry,A2,The word cry is commonly used in everyday language.
cupboard,A2,I opened the cupboard because I wanted to find a clean cup for my tea.
curly,A2,She chose the dog with the curly tail because it looked very friendly.
cycle,A2,Yesterday I rode my cycle to the park because the weather was nice.
daily,A2,Yesterday I bought a daily bus pass because I needed to travel to work and visit my friend.
danger,A2,He did not go into the water because he saw the danger sign.
data,A2,I looked at the sales data because I wanted to know which items were popular.
dead,A2,The plant was dead because I forgot to water it for two weeks.
deal,A2,I made a good deal on my train ticket because I booked it early.
death,A2,"The old man was very sad because his dog died, and he cried at the death of his friend."
decision,A2,She made a decision to buy the blue jacket because it was cheaper.
deep,A2,"The water in the pool was very deep, so I did not swim there."
definitely,A2,I will definitely go to the supermarket tomorrow because I need to buy milk and bread.
degree,A2,She wore a warm coat because the temperature was only one degree above zero.
dentist,A2,I went to the dentist yesterday because I had a toothache.
department,A2,He went to the department store yesterday because he wanted to buy a new jacket.
depend,A2,I depended on the bus to get to school because my bike was broken.
desert,A2,He walked across the hot desert because he wanted to find water.
designer,A2,He bought a designer shirt because it was on sale at the store.
destroy,A2,The storm destroyed the old tree in my garden because the wind was very strong.
detective,A2,The detective looked for clues because he wanted to solve the mystery.
develop,A2,I developed a good habit of reading every night because it helps me relax.
device,A2,He used a small device to call his friend because his phone was broken.
diary,A2,I wrote in my diary yesterday because I wanted to remember my trip to the beach.
differently,A2,He did his homework differently yesterday because the teacher gave new instructions.
digital,A2,Yesterday I used a digital map because I wanted to find the new supermarket.
direct,A2,He took the direct train to the airport because it was faster.
direction,A2,He asked for directions because he was lost in the city.
director,A2,The director watched the movie and said it was very good.
disagree,A2,We disagreed about the price because I thought it was too expensive.
disappear,A2,The cat disappeared under the bed because it was scared of the loud noise.
disaster,A2,The picnic was a disaster because it rained all afternoon.
discover,A2,Yesterday I discovered a new café near my house because my friend told me about it.
discovery,A2,Yesterday I made a discovery in my bag because I found my old keys.
discussion,A2,We had a discussion about our holiday plans because we could not agree on a destination.
disease,A2,He went to the doctor because he had a disease and needed medicine.
distance,A2,We walked a long distance to the park because we wanted to see the lake.
divorced,A2,My aunt got divorced last year because she and her husband were not happy together.
document,A2,"She needed a special document for her trip, and she asked the travel agent for help."
double,A2,He paid double for the ticket because he bought it at the airport.
download,A2,I downloaded the music because I wanted to listen to it on the bus.
drama,A2,We watched a drama on television last night because it was about a family.
drawing,A2,Yesterday I did a drawing of my house because I wanted to show it to my friend.
dream,A2,I dreamed about visiting the beach because I love the ocean.
driving,A2,He was driving to the supermarket because he needed to buy milk and bread.
drop,A2,I dropped my shopping bag because it was too heavy.
drug,A2,He took the drug because the doctor said it would help him feel better.
dry,A2,Yesterday I hung my clothes outside because the sun was hot and they were dry in one hour.
earn,A2,He earned some money last summer because he helped his neighbor in the garden.
earth,A2,The farmer planted seeds in the earth because he wanted vegetables to grow.
easily,A2,He found his way to the hotel easily because he had a map.
education,A2,He finished his education last year and then started looking for a job.
effect,A2,"The medicine had a good effect, and she felt much better because of it."
either,A2,He did not buy the red shirt or the blue one because he did not like either colour.
electric,A2,He bought an electric fan because his room was too hot.
electrical,A2,He bought an electrical fan because his room was very hot.
electricity,A2,Yesterday we had no electricity because a storm damaged the power lines.
electronic,A2,He bought an electronic dictionary because he wanted to learn new words.
employ,A2,She will employ a new assistant because the shop is very busy.
employee,A2,The employee finished her work early because she had a doctor's appointment.
employer,A2,My employer gave me a new schedule because I asked for more hours.
empty,A2,The glass was empty because I drank all the water.
ending,A2,The movie had a happy ending because the hero saved everyone.
energy,A2,"He had no energy after the long walk, so he sat down to rest."
engine,A2,"The car had a problem with its engine, so my father took it to the garage yesterday."
engineer,A2,He wanted to be an engineer because he liked to fix cars and machines.
enormous,A2,"The bag was enormous, and I could not carry it to the bus stop."
enter,A2,He entered the shop because he wanted to buy a gift for his friend.
environment,A2,The children cleaned the park because they wanted to help the environment.
equipment,A2,He bought new camping equipment because he wanted to go hiking next summer.
error,A2,I made an error in my shopping list because I forgot to write milk.
especially,A2,I enjoyed the holiday because the weather was especially nice for swimming.
essay,A2,I wrote an essay about my holiday because my teacher asked me to.
everyday,A2,I wore my everyday shoes to the park because they are very comfortable.
everywhere,A2,"We looked for my keys everywhere in the house, and I finally found them under the sofa."
evidence,A2,The police found evidence at the house because someone broke the window.
exact,A2,He asked for the exact change because he did not have any small bills.
exactly,A2,He arrived at the station at exactly eight o'clock because his train left at that time.
excellent,A2,"The food at the restaurant was excellent, and we enjoyed our dinner very much."
except,A2,I ate all the vegetables on my plate except the carrots because I do not like them.
exist,A2,"The dinosaurs did not exist when my grandmother was a child, and we only know about them from fossils."
expect,A2,"I expected the bus to arrive at 8 o'clock, but it was late because of the traffic."
experience,A2,I had a good experience at the restaurant because the food was delicious.
experiment,A2,Yesterday we did a fun experiment in class because we wanted to see what happens when we mix colors.
expert,A2,He asked the expert for help because he wanted to buy a good computer.
explanation,A2,He asked for an explanation because he did not understand the bus schedule.
express,A2,She expressed her thanks to the shop assistant because he helped her find the right size.
expression,A2,He used a funny expression because he wanted to make his friends laugh.
extreme,A2,"The weather was extreme yesterday, so we stayed inside and watched movies."
extremely,A2,"The weather was extremely hot yesterday, so we stayed inside and drank cold water."
factor,A2,"The weather was a big factor in our decision to go to the beach, and we stayed home because it was raining."
factory,A2,He visited the old factory yesterday because his father worked there.
fail,A2,I failed the math test because I did not study enough.
fair,A2,The price was fair because the jacket was good quality.
fan,A2,Yesterday I bought a fan because my room was very hot.
farming,A2,"Last year, my uncle worked in farming because he wanted to grow vegetables for the local market."
fashion,A2,She bought a new dress because she wanted to follow the latest fashion.
fear,A2,She felt fear during the storm because the wind was very loud.
feature,A2,The hotel had a nice feature because it had a swimming pool and a playground.
feed,A2,The word feed is commonly used in everyday language.
female,A2,The female doctor helped me because I felt very sick.
fiction,A2,I read a fiction book about a detective last week because I like mystery stories.
field,A2,He played in the field with his friends because the weather was nice.
fight,A2,They had a big fight yesterday because he forgot to buy milk.
figure,A2,He could not figure out the price because the tag was missing.
finally,A2,We finally arrived at the hotel because the bus was very slow.
finger,A2,"She cut her finger while she was chopping vegetables for dinner, and she had to put a bandage on it."
firstly,A2,"Firstly, I went to the shop because I needed milk, and then I bought bread."
fishing,A2,Yesterday we went fishing at the lake because the weather was sunny and warm.
fit,A2,"The jacket did not fit me, so I took it back to the shop."
fix,A2,He fixed his bicycle yesterday because he wanted to ride to the park.
flu,A2,He stayed home from school because he had the flu.
flying,A2,We enjoyed flying to the beach last summer because the weather was beautiful.
focus,A2,Yesterday I could not focus on my homework because the music was too loud.
following,A2,We went to the following shop because it had the best prices.
foreign,A2,She learned a few words of the foreign language before her trip because she wanted to ask for directions.
forest,A2,We walked through the forest yesterday because we wanted to see the tall trees and the animals.
fork,A2,I put a fork next to the plate because we were going to eat dinner.
formal,A2,He wore a formal suit to the party because it was a special event.
fortunately,A2,"Fortunately, I found my keys because I looked in my bag."
forward,A2,She looked forward to her holiday because she wanted to visit the beach.
fresh,A2,I bought some fresh bread from the bakery because it was still warm.
fridge,A2,"I put the milk in the fridge because it was warm, and I wanted to keep it cold."
frog,A2,Yesterday I saw a green frog in the garden because it was raining.
furniture,A2,We bought new furniture for the living room because the old sofa was broken.
further,A2,"He wanted to travel further, but he did not have enough money for the bus."
gallery,A2,We visited the art gallery yesterday because my sister wanted to see the paintings.
gap,A2,He missed the bus because there was a big gap between the platform and the train.
gas,A2,He stopped at the gas station because his car needed fuel for the trip.
gate,A2,We walked to the airport gate because our plane was ready to leave.
general,A2,"The general store was closed yesterday, so I went to the supermarket instead."
gift,A2,She bought a gift for her friend because it was her birthday.
goal,A2,"My goal was to buy a gift for my friend, so I went to the shop after school."
god,A2,She prayed to god for help because she was very scared during the storm.
gold,A2,She bought a gold necklace because it was on sale at the shop.
golf,A2,He played golf with his friends last weekend because the weather was nice.
government,A2,The government closed the old library because it needed repairs.
grass,A2,We sat on the grass in the park because the weather was nice.
greet,A2,He greeted his friend at the airport because he was happy to see him.
ground,A2,He sat on the ground because he was tired from walking.
guest,A2,The guest stayed at the hotel for three nights because she was visiting the city.
guide,A2,The guide showed us the museum because we were lost.
gun,A2,He put the toy gun in his bag because he wanted to play with his friend later.
guy,A2,The guy helped me carry my bags because they were very heavy.
habit,A2,He had a habit of buying bread every morning because he liked it fresh.
hall,A2,"We walked down the long hall to find our hotel room, and I carried the heavy bags."
happily,A2,She smiled happily because she found her favourite book at the shop.
headache,A2,I had a headache yesterday because I stayed up too late watching a movie.
heart,A2,He walked to the park because his heart was beating fast.
heat,A2,"Yesterday, I turned on the heater because the heat in my room was not enough."
heavy,A2,The bag was heavy because I put too many books inside.
height,A2,He measured the height of the door because he wanted to buy a new table.
helpful,A2,The shop assistant was very helpful because she found the right size for me.
hero,A2,My dad was my hero because he helped me fix my bike yesterday.
hers,A2,"She forgot her umbrella at home, so I let her borrow mine because hers was still wet."
herself,A2,She bought a new dress for herself and her sister because they were going to a party.
hide,A2,The word hide is commonly used in everyday language.
hill,A2,"We walked up the hill to see the sunset, and it was very beautiful."
himself,A2,He bought a gift for himself because it was his birthday.
hit,A2,He hit the ball hard and ran to first base because he wanted to score a point.
hockey,A2,Yesterday I played hockey with my friends because it was a sunny day.
hold,A2,The word hold is commonly used in everyday language.
hole,A2,I fell into a hole in the park yesterday because I was not looking where I was going.
huge,A2,"The bag was huge, and I could not carry it home."
human,A2,"The robot was not a human, and it could not help me carry my bags."
hurt,A2,"She hurt her knee when she fell, and she cried because it was very painful."
ideal,A2,The hotel was ideal for our holiday because it was near the beach and had a pool.
identify,A2,The word identify is commonly used in everyday language.
ill,A2,He stayed home from school yesterday because he felt ill.
illness,A2,He stayed home from school yesterday because he had a serious illness.
image,A2,He took a picture of the old building because he liked the image of the city.
immediately,A2,He called the doctor immediately because he felt very sick.
impossible,A2,It was impossible to find a parking spot near the supermarket because the street was very busy.
included,A2,The price of the ticket included a free drink and a snack because it was a special offer.
including,A2,"I bought some fruit at the shop, including apples and bananas, because I wanted to make a healthy snack."
increase,A2,The price of bread increased because there was not enough flour.
incredible,A2,"The movie was incredible, and I watched it twice because I loved the story."
independent,A2,She was very independent and did her shopping alone because she liked to choose everything herself.
individual,A2,Each individual bought a ticket for the train because they wanted to travel to the city.
industry,A2,"The factory was part of the car industry, and my father worked there for many years."
informal,A2,We wore informal clothes to the party because it was a casual event.
injury,A2,He could not play football yesterday because he had a leg injury.
insect,A2,"I saw an insect in the garden yesterday, and I told my mother because she was afraid of it."
inside,A2,We stayed inside the hotel because it was raining.
instead,A2,He decided to take the bus instead of walking because it was raining.
instruction,A2,I read the instruction carefully before I used the new washing machine.
instructor,A2,The instructor helped me with my homework because I did not understand the lesson.
instrument,A2,He bought a musical instrument for his brother because he wanted to learn the guitar.
intelligent,A2,The cat was very intelligent and learned how to open the kitchen door by itself.
international,A2,He traveled to an international airport because his flight was leaving soon.
introduction,A2,He gave a short introduction before the movie started because many people were new to the story.
invent,A2,He invented a new game for his friends because they were bored.
invention,A2,The telephone was a very important invention because it changed how people talk to each other.
invitation,A2,I accepted the invitation to the party because my friend asked me to come.
invite,A2,I will invite my friend to the party because she loves dancing.
involve,A2,The shopping trip will involve buying food and checking the prices because we have a small budget.
item,A2,I bought one item at the shop because it was on sale.
itself,A2,The cat cleaned itself after eating its dinner because it was very tired.
jam,A2,I bought some strawberry jam because I wanted to make sandwiches for the picnic.
jazz,A2,I listened to jazz on the radio yesterday because it helps me relax.
jewellery,A2,She bought some jewellery at the shop because it was her mother's birthday.
joke,A2,"He told a funny joke at dinner, and everyone laughed because it was very silly."
journalist,A2,The journalist wrote a story about the local festival because she wanted to share the news.
jump,A2,The cat jumped onto the table because it wanted the fish.
kid,A2,The kid played in the park because the weather was nice.
kill,A2,He killed the spider because it scared his sister.
king,A2,The king visited the small town because he wanted to meet the people.
knee,A2,"I hurt my knee when I fell in the park, and my mother put a bandage on it."
knife,A2,He used a knife to cut the bread because it was too hard to break.
knock,A2,He knocked on the door because he wanted to ask for directions.
knowledge,A2,She learned a lot of knowledge about cooking because she watched many videos.
lab,A2,"We went to the lab for our science class, and we did an experiment with water."
lady,A2,The lady bought a blue dress and a hat because she wanted to look nice for the party.
lake,A2,We went to the lake last weekend because the weather was nice.
laptop,A2,I bought a laptop yesterday because I need it for my online classes.
laughter,A2,The children heard laughter from the park because they were playing a funny game.
law,A2,He learned the law about driving fast because he got a ticket.
lawyer,A2,"My uncle was a lawyer, and he helped people with their problems."
lazy,A2,He was lazy yesterday and did not clean his room because he wanted to watch TV.
leader,A2,He was the leader of our group because he knew the way to the park.
learning,A2,Yesterday I started learning how to cook rice because I want to make dinner for my family.
least,A2,He chose the least expensive shirt because he wanted to save money.
lecture,A2,Yesterday I went to a lecture about healthy food because I want to learn more about cooking.
lemon,A2,I bought a lemon at the shop because I wanted to make lemonade.
lend,A2,The word lend is commonly used in everyday language.
less,A2,I bought less milk yesterday because the shop was almost closed.
lifestyle,A2,He changed his lifestyle because he wanted to be healthier and save money.
lift,A2,He lifted the heavy box onto the table because it was in the way.
likely,A2,"It will likely rain tomorrow, so I will take my umbrella."
link,A2,I linked my train ticket to my hotel booking because it was easier for my trip.
listener,A2,The listener enjoyed the music because it was very relaxing.
lock,A2,I locked the door before I left for school because my mom told me to.
lorry,A2,The lorry arrived late because it was stuck in traffic.
lost,A2,He lost his phone at the park because he left it on the bench.
loud,A2,"The music at the party was very loud, and I could not hear my friend."
loudly,A2,He spoke loudly on the phone because the train was very noisy.
lovely,A2,We had a lovely picnic in the park because the weather was sunny and warm.
low,A2,"The price was low, so I bought two bags of rice."
luck,A2,He had good luck at the shop because he found a cheap jacket.
lucky,A2,He was lucky because he found his lost wallet on the bus.
mail,A2,I mailed the letter yesterday because it was important.
major,A2,He chose a major in business because he wanted to work in a bank.
male,A2,The male teacher helped the students with their bags because they were heavy.
manage,A2,She managed to buy all the groceries because the store was not too busy.
manager,A2,"The manager helped me find my size, and I bought the shoes because they were on sale."
manner,A2,He spoke in a polite manner because he wanted to help the customer.
mark,A2,She put a mark on the calendar because she wanted to remember the party.
marry,A2,They will marry next summer because they want a big wedding in the garden.
material,A2,She bought some cotton material because she wanted to make a dress.
mathematics,A2,He studied mathematics yesterday because he had a test today.
maths,A2,Yesterday I did my maths homework because we have a test tomorrow.
matter,A2,It did not matter that the shop was far away because we had plenty of time.
media,A2,I watched the news on social media yesterday because I wanted to know the weather.
medical,A2,He went to the medical clinic because he had a bad cough.
medicine,A2,I took the medicine because I had a headache.
memory,A2,I had a good memory of my holiday because I played on the beach every day.
mention,A2,She mentioned the price of the tickets because her friend asked about the cost.
metal,A2,He bought a metal spoon at the shop because his old one broke.
method,A2,He used a new method to clean his room because it was faster.
middle,A2,He sat in the middle of the bus because all the other seats were taken.
might,A2,I might go to the supermarket after work because I need to buy some milk.
mind,A2,I didn't mind the long walk because the weather was nice.
mine,A2,"I found a blue pen on the floor, but it was not mine because my pen is black."
mirror,A2,I looked in the mirror before school because my hair was messy.
missing,A2,"I was missing my favorite book yesterday, so I looked for it in my bag."
mobile,A2,I bought a new mobile yesterday because my old one stopped working.
monkey,A2,"I saw a monkey at the zoo yesterday, and it was eating a banana."
moon,A2,We looked at the moon last night because it was very bright.
mostly,A2,We mostly stayed at the hotel because the weather was bad.
motorcycle,A2,He rode his motorcycle to the beach because he wanted to enjoy the sunny weather.
movement,A2,The train made a sudden movement because the driver saw an animal on the tracks.
musical,A2,I went to the musical with my family because we all love music.
musician,A2,"Yesterday I saw a musician in the park, and he played the guitar very well."
myself,A2,I bought a gift for myself because it was my birthday.
narrow,A2,"The path was very narrow, so we walked slowly and carefully."
national,A2,Yesterday we watched a national football match on television because my brother loves sports.
nature,A2,We walked in the park yesterday because we wanted to enjoy the nature.
nearly,A2,I nearly missed the bus because I woke up late.
necessary,A2,It was necessary to buy a ticket before we got on the train.
neck,A2,He hurt his neck because he slept in a strange position on the plane.
neither,A2,"She wanted to buy the blue dress and the red one, but she chose neither because they were too expensive."
nervous,A2,He was nervous before his first driving lesson because he did not practice enough.
network,A2,I joined a local network because I wanted to meet new people.
noise,A2,"The noise from the street was very loud, so I closed the window."
noisy,A2,The restaurant was very noisy because there were many people talking and laughing.
none,A2,There were none of the apples left in the bowl because my brother ate them all.
normal,A2,"Yesterday the weather was normal for winter, so I wore my warm coat."
normally,A2,She normally walked to school because it was not far from her house.
notice,A2,I did not notice the price of the milk because I was in a hurry.
novel,A2,I read a novel about a detective because I wanted to relax before bed.
nowhere,A2,I looked for my keys everywhere but found them nowhere.
nut,A2,I ate a nut with my apple because I wanted a healthy snack.
ocean,A2,We went to the ocean last summer because we wanted to swim and play on the beach.
offer,A2,He offered to help me carry my bags because they were very heavy.
officer,A2,The police officer helped the lost boy because he was crying.
oil,A2,He put oil in the pan because he wanted to cook the eggs.
onto,A2,He climbed onto the bus because he was late for school.
opportunity,A2,"She had an opportunity to visit her grandmother last weekend, and she was very happy."
option,A2,He chose the red shirt because it was the only option in his size.
ordinary,A2,Yesterday I bought an ordinary blue shirt because it was on sale.
organization,A2,The school organization helped the students plan their trip because they needed to book the bus and hotel.
organize,A2,I organized my desk because I wanted to find my books easily.
original,A2,I bought the original painting because it was cheaper than the copy.
ourselves,A2,We bought the tickets ourselves because we wanted to save money.
oven,A2,I used the oven to bake a cake because my friend was coming for dinner.
owner,A2,The owner of the shop was happy because many customers came yesterday.
pack,A2,Yesterday I packed my bag because we are going to the beach tomorrow.
pain,A2,She went to the doctor because she had a pain in her leg.
painter,A2,Yesterday I saw a painter in the park because he was making a picture of the trees.
palace,A2,We visited the old palace yesterday and took many photos because the gardens were beautiful.
pants,A2,Yesterday I bought new pants because my old ones had a hole.
parking,A2,We found a parking spot near the shop because we arrived early.
particular,A2,He chose a particular shirt because it was his favorite color.
pass,A2,I will pass my driving test next month because I practiced a lot.
passenger,A2,The passenger waited for the bus because it was late.
patient,A2,She was very patient at the airport because her flight was delayed.
pattern,A2,I bought a dress with a flower pattern because I liked the colors.
peace,A2,They felt peace in the garden because the birds were singing and the sun was warm.
penny,A2,She saved her penny every day because she wanted to buy a new book.
per,A2,"The apples cost two dollars per kilogram, so I bought three kilograms."
perform,A2,She performed a song at the school concert because her teacher asked her to.
perhaps,A2,Perhaps I will buy a blue shirt tomorrow because it is cheaper.
permission,A2,He asked for permission to leave early because he had a doctor's appointment.
personality,A2,His funny personality made everyone laugh at the party because he told many jokes.
pet,A2,"She wanted a pet, so she went to the animal shop after school."
petrol,A2,He stopped at the petrol station because his car needed fuel for the long drive.
physical,A2,He went to the doctor for a physical check-up because he felt tired.
physics,A2,I studied physics in school because I wanted to understand how light works.
pick,A2,Yesterday I picked a red apple from the tree because it looked ripe.
pilot,A2,The pilot flew the plane to the island because the weather was good.
planet,A2,"Last night we watched a show about space, and I learned that our planet moves very fast around the sun."
plastic,A2,She bought a plastic bottle of water because she was very thirsty.
plate,A2,He washed the plate after dinner because it was dirty.
platform,A2,He waited on the platform because his train was late.
pleased,A2,I was pleased with my new shoes because they were very comfortable.
pocket,A2,She put her money in her pocket because she did not want to lose it.
polite,A2,He was polite to the shop assistant because he wanted to ask for help.
pollution,A2,The air in the city was very bad yesterday because there was a lot of pollution from cars.
pop,A2,Yesterday I heard a loud pop because my balloon burst.
population,A2,The population of the small town grew quickly because many new families moved there last year.
position,A2,He took the best position in the queue because he arrived early.
possession,A2,"He lost his favourite possession, a small toy car, because he left it on the bus."
possibility,A2,"There is a possibility of rain tomorrow, so I will take my umbrella."
poster,A2,He bought a poster of his favorite band because he wanted to put it on his bedroom wall.
power,A2,"Yesterday the power went out, so we used candles to see in the dark."
predict,A2,I predict it will rain tomorrow because the sky is very dark.
president,A2,The president visited our school yesterday because he wanted to meet the students.
prevent,A2,"The rain did not prevent us from going to the park, so we had a nice walk."
print,A2,I printed the photos from my holiday because I wanted to put them in an album.
printer,A2,I bought a new printer yesterday because my old one stopped working.
prison,A2,He went to prison because he stole a car.
prize,A2,I won a prize at the school fair because I guessed the number of sweets in the jar.
process,A2,I processed my photos after the trip because I wanted to share them with my family.
produce,A2,"Yesterday, my father bought some fresh fruit and vegetables from the farm because they produce the best food in our area."
professional,A2,He wore a suit to the meeting because he wanted to look professional.
professor,A2,The professor helped me with my homework because I did not understand the lesson.
profile,A2,I updated my online profile with a new photo because I wanted my friends to recognize me.
program,A2,I watched a program about animals on TV last night because I love nature.
progress,A2,She made good progress in her English class because she studied every day.
promise,A2,She promised to buy milk on her way home because the shop closes early.
pronounce,A2,"She could not pronounce the name of the street, so she asked the driver for help."
protect,A2,He wore a helmet when he rode his bike because he wanted to protect his head.
provide,A2,The hotel will provide towels and soap because guests need them for their stay.
pub,A2,We went to the pub after work because my friend wanted to celebrate.
public,A2,We took the public bus to the park because it was cheaper than driving.
publish,A2,She will publish her story in the school magazine next week because she wants her friends to read it.
pull,A2,He pulled the door open because his hands were full of shopping bags.
purpose,A2,The purpose of my trip to the shop was to buy milk and bread.
push,A2,He pushed the shopping cart because it was very heavy.
quality,A2,"The quality of the fruit was very good, so I bought some for my family."
quantity,A2,I bought a large quantity of apples because they were on sale.
queen,A2,The queen visited the school yesterday because she wanted to meet the children.
quietly,A2,He closed the door quietly because his baby sister was sleeping.
race,A2,He ran in the race yesterday because he wanted to win a medal.
railway,A2,We took the railway to the beach because it was faster than the bus.
raise,A2,He raised his hand because he wanted to ask a question.
rate,A2,I rated the hotel three stars because the room was very clean.
rather,A2,She decided to buy the blue dress rather than the red one because it was cheaper.
reach,A2,We did not reach the hotel until late because our flight was delayed.
react,A2,He did not react to the news because he was very tired.
realize,A2,I realized I forgot my wallet because I could not pay for the groceries.
receive,A2,I received a gift from my friend because it was my birthday.
recent,A2,I bought a new book last week because my recent one was lost during my trip.
recently,A2,I recently bought a new jacket because my old one was too small.
reception,A2,The reception was very busy when we arrived at the hotel because many guests were checking in.
recipe,A2,I used my grandmother's recipe to bake a cake because it was my brother's birthday.
recognize,A2,I recognized the shop because I saw it on my travel map yesterday.
recommend,A2,I recommended the blue jacket to my friend because it was warm and cheap.
record,A2,He recorded the song on his phone because he wanted to share it with his family.
recording,A2,I made a recording of my favorite song because I wanted to listen to it later.
recycle,A2,Yesterday I recycled my old newspapers and plastic bottles because I wanted to help the environment.
reduce,A2,I reduced my shopping list because I wanted to save money.
refer,A2,She referred to the map because she was lost in the city.
region,A2,We visited a famous wine region during our holiday because my parents love trying local drinks.
regular,A2,He bought a regular coffee every morning because he liked the taste.
relationship,A2,He had a good relationship with his neighbor because they often helped each other.
remaining,A2,He ate the remaining pizza because he was very hungry.
remove,A2,He removed his shoes because they were wet from the rain.
repair,A2,He repaired his bicycle yesterday because he wanted to ride it to school.
replace,A2,I replaced my old phone because the screen was broken.
reply,A2,She did not reply to my message because she was busy with her homework.
reporter,A2,The reporter asked many questions because he wanted to write a story about the school.
request,A2,He requested a refund for the broken toy because it did not work.
research,A2,I did some research on the internet before my trip because I wanted to find a cheap hotel.
researcher,A2,The researcher asked many questions because she wanted to learn about people's shopping habits.
respond,A2,She did not respond to my question because she was busy shopping.
response,A2,He gave a quick response to my question about the bus schedule because we were in a hurry.
rest,A2,"After the long walk in the park, I will rest because I am very tired."
review,A2,I reviewed my homework because the teacher asked us to check for mistakes.
rise,A2,"The sun will rise early tomorrow, so we can go to the beach."
rock,A2,He picked up a small rock from the path and put it in his pocket because he liked the color.
role,A2,"He played the role of a shopkeeper in the school play, and he enjoyed it very much."
roof,A2,The cat climbed onto the roof because it wanted to see the birds.
round,A2,We walked round the park yesterday because the weather was nice.
route,A2,We took the longer route because the main road was closed.
rubbish,A2,I put the rubbish in the bin because it was full.
rude,A2,The waiter was rude to us yesterday because he forgot our order and did not say sorry.
runner,A2,The runner finished the race quickly because he trained every day.
running,A2,Yesterday I was running in the park because I wanted to exercise.
sadly,A2,He sadly left the party early because he was feeling very tired.
safe,A2,He locked the door because he wanted to feel safe.
sail,A2,We sailed across the lake last summer because the weather was very nice.
sailing,A2,We went sailing on the lake last weekend because the weather was sunny and warm.
salary,A2,He got a new job because his salary was too low.
sale,A2,I went to the shop because there was a big sale on shoes.
sauce,A2,I bought some pasta and sauce at the shop because I wanted to make dinner.
save,A2,She saved her money because she wanted to buy a new bicycle.
scared,A2,He was scared of the big dog because it barked loudly.
scary,A2,"The movie was scary, so I closed my eyes during the dark scenes."
scene,A2,The police arrived at the scene of the accident because someone called for help.
schedule,A2,I scheduled my doctor's appointment for next Tuesday because I felt sick.
score,A2,He scored a goal in the game because his team needed to win.
screen,A2,I checked the movie times on my phone screen because I wanted to go to the cinema.
search,A2,He searched for his keys in the living room because he wanted to go to the store.
season,A2,I went to the beach last season because the weather was warm and sunny.
seat,A2,He took a seat near the window because the train was very crowded.
secondly,A2,"Firstly I will buy some bread, and secondly I will get milk because we need them for breakfast."
secret,A2,She kept her travel plans a secret because she wanted to surprise her family.
secretary,A2,The secretary called me yesterday because she needed my travel documents.
seem,A2,The shop seemed very busy because there were many people inside.
sense,A2,I sensed something was wrong because the shop was closed early.
separate,A2,We put the white clothes in a separate pile because they needed a different wash.
series,A2,I watched a series of short videos about cooking because I wanted to learn new recipes.
serious,A2,"He had a serious problem with his car, so he went to the mechanic."
serve,A2,He served dinner to his family because they were all very hungry.
service,A2,The service at the restaurant was very slow because there were many customers.
several,A2,He bought several apples at the shop because he wanted to make a pie.
shake,A2,The word shake is commonly used in everyday language.
shall,A2,I shall buy some bread and milk because we have none left.
shape,A2,Yesterday I bought a new bag because I liked its shape and color.
sheet,A2,He put a clean sheet on the bed because his friend was coming to stay.
ship,A2,She shipped the gift to her friend because she wanted it to arrive before the holiday.
shoulder,A2,He carried the heavy bag on his shoulder because he wanted to help his friend.
shout,A2,He shouted at his friend because the music was too loud.
shut,A2,He shut the door because the noise from the street was too loud.
side,A2,We sat on the side of the road because we were tired from walking.
sign,A2,He saw the sign for the bus stop and waited there because he wanted to go to the city center.
silver,A2,She bought a silver necklace at the shop because it was on sale.
simple,A2,"The recipe was simple, so I made dinner for my family."
since,A2,She has been happy since she moved to her new house.
singing,A2,She enjoyed singing in the school choir because it made her happy.
single,A2,He bought a single ticket for the bus because he was only going one stop.
sir,A2,"The man said thank you to the shop assistant because he helped him, sir."
site,A2,We visited the old castle site because it was famous.
size,A2,I bought the blue shirt because it was the right size for me.
ski,A2,Yesterday I went to the mountains with my family because I wanted to ski on the snow.
skiing,A2,Last winter I went skiing in the mountains because I love the snow.
skin,A2,She put sunscreen on her skin because the sun was very hot at the beach.
sky,A2,"The sky was very blue, so we decided to go to the park."
slowly,A2,He walked slowly to the bus stop because he was not in a hurry.
smartphone,A2,He bought a new smartphone because his old one stopped working.
smell,A2,The cake smelled delicious because my mother baked it this morning.
smile,A2,She smiled at the shop assistant because he helped her find the right size.
smoke,A2,He saw smoke coming from the kitchen and called for help.
smoking,A2,He stopped smoking last year because it was too expensive.
soap,A2,He bought some soap at the shop because he wanted to wash his hands.
soccer,A2,Yesterday I played soccer with my friends because the weather was nice.
social,A2,She went to the social club because she wanted to meet her friends.
society,A2,He joined a local society because he wanted to meet new people.
sock,A2,Yesterday I bought a new pair of socks because my old ones had a hole.
soft,A2,"The bread was soft and fresh, so I bought it for breakfast."
soldier,A2,The soldier walked to the shop because he wanted to buy food for his family.
solution,A2,She found a good solution for the problem because she asked her friend for help.
solve,A2,"Yesterday, I could not solve the math problem, and my teacher helped me."
somewhere,A2,"He wanted to go somewhere new for his holiday, so he booked a trip to the beach."
sort,A2,I sorted my clothes into piles because I wanted to pack for the trip.
source,A2,"The source of the water was the river, and we used it for cooking."
speaker,A2,The speaker talked about his trip to London because he wanted to share his experiences.
specific,A2,He asked for a specific book because he wanted to read it on the train.
speech,A2,He gave a short speech at the party because it was his friend's birthday.
speed,A2,He drove at a high speed because he was late for the train.
spider,A2,"I saw a spider in the bathroom yesterday, and I called my mother because I was scared."
spoon,A2,I used a spoon to eat my soup because it was too hot to drink.
square,A2,We walked across the square because we wanted to see the old church.
stage,A2,"We went on stage for the school play, and I felt very nervous because my family was watching."
stair,A2,He climbed the stair to his room because he was very tired after the long walk.
stamp,A2,I bought a stamp at the post office because I wanted to send a letter to my friend.
state,A2,He stated that he would buy the tickets tomorrow because the prices were lower today.
steal,A2,"Someone tried to steal my bag on the bus yesterday, but I held it tightly."
step,A2,He took a step back because the bus was too close.
stomach,A2,Yesterday I ate too much cake and my stomach hurt because it was very sweet.
stone,A2,He picked up a small stone from the path and threw it into the river because he was bored.
store,A2,Yesterday I went to the store because I wanted to buy some milk and bread.
storm,A2,"The storm stopped the train, so we waited at the station for an hour."
straight,A2,He walked straight to the bus stop because he was late for school.
strange,A2,"The food at the new restaurant tasted strange, so I did not eat much."
strategy,A2,My strategy for shopping was to make a list first because it saved time.
stress,A2,I felt a lot of stress before my exam because I did not study enough.
structure,A2,We looked at the structure of the new building because it was very tall.
stupid,A2,I felt stupid because I forgot my shopping list at home.
succeed,A2,He worked hard every day and finally succeeded in passing his driving test.
successful,A2,The shopping trip was successful because we found everything on our list.
such,A2,The market had such fresh fruit that she bought a lot for the picnic.
suddenly,A2,"He was walking to the bus stop when it suddenly started to rain, and he had to run for shelter."
suggest,A2,She suggested going to the park because the weather was nice.
suggestion,A2,"He liked my suggestion for the picnic, and we bought the food together."
suit,A2,She bought a blue suit for her job interview because she wanted to look professional.
support,A2,She supported her friend because he was sad.
suppose,A2,I suppose we will go to the park tomorrow because the weather is nice.
surprise,A2,The surprise party was fun because all my friends came.
surprised,A2,She was surprised because her friend bought her a gift from the trip.
surprising,A2,The movie was surprising because it ended in a way I did not expect.
survey,A2,We did a survey about shopping habits because our teacher wanted to know what we buy.
sweet,A2,"The cake was very sweet, and I ate two pieces because I liked it."
symbol,A2,"The red heart on the card was a symbol of love, and she gave it to her friend."
system,A2,"The new ticket system at the station was easy to use, and I bought my train ticket quickly."
tablet,A2,He bought a tablet because he wanted to read books and watch videos.
taking,A2,He was taking a photo of the market because he liked the colorful fruits.
target,A2,He aimed at the target in the archery competition and hit it perfectly.
task,A2,"Yesterday, my teacher gave us a simple task because we needed to practice writing."
taste,A2,"Yesterday I tasted the soup at the new café, and it was very salty because they added too much spice."
teaching,A2,She enjoyed teaching her younger brother how to ride a bike because it was a sunny day.
technology,A2,I used the new technology at the library because it made printing my tickets faster.
teenage,A2,She enjoyed her teenage years because she spent a lot of time with her friends.
temperature,A2,"Yesterday the temperature was very high, so we stayed at home and drank cold water."
term,A2,He used the new term in class because the teacher taught it yesterday.
themselves,A2,They cooked dinner themselves because their parents were busy.
thick,A2,"The soup was thick and warm, so I ate it quickly because I was hungry."
thief,A2,The thief took my bag because I left it on the chair.
thin,A2,The soup was thin because I added too much water.
thinking,A2,I was thinking about buying a gift for my friend because her birthday is next week.
thought,A2,I thought about buying the blue shirt because it was cheaper.
throw,A2,The word throw is commonly used in everyday language.
tidy,A2,The word tidy is commonly used in everyday language.
tie,A2,He tied his shoes before he left the house because he did not want to fall.
tip,A2,He left a tip for the waiter because the service was very good.
tool,A2,He used a tool to fix the chair because it was broken.
top,A2,He put the book on the top shelf because he wanted to keep it safe.
touch,A2,"Yesterday, I did not touch the hot pan because my mother warned me."
tour,A2,We went on a tour of the old castle because my friend wanted to see it.
towel,A2,I packed a towel for the trip because the hotel did not provide one.
tower,A2,We climbed to the top of the old tower because we wanted to see the city.
toy,A2,I bought a toy for my little brother because he wanted something to play with.
track,A2,He followed the muddy track through the forest because he wanted to find the lake.
tradition,A2,My family had a tradition of eating together every Sunday because it was important to us.
traditional,A2,We ate traditional food at the festival because my grandmother cooked it.
trainer,A2,The trainer helped me with my exercises because I was new to the gym.
training,A2,"Yesterday I had training for my new job, and I learned how to use the computer."
transport,A2,I used public transport to go to the city center because my bicycle was broken.
traveller,A2,The traveller bought a map and asked for directions because he was lost.
trouble,A2,He had trouble finding his keys because he left them in the car.
truck,A2,He bought a red truck because he needed to move his furniture.
twin,A2,My twin sister and I went to the park because we wanted to play.
typical,A2,Yesterday was a typical day for me because I went to the supermarket and bought some bread.
underground,A2,We took the underground to the museum because it was faster than the bus.
understanding,A2,I had a good understanding of the bus schedule because I checked it online before my trip.
unfortunately,A2,"Unfortunately, I lost my wallet because I left it on the bus."
unhappy,A2,He was unhappy with his new shoes because they were too small.
uniform,A2,He wore his school uniform every day because he liked the blue and white colors.
united,A2,The team united for the match because they wanted to win together.
unusual,A2,"The weather was very unusual yesterday, so I stayed at home and watched a film."
upstairs,A2,I went upstairs to get my jacket because it was cold outside.
us,A2,The teacher told us to bring our books to class tomorrow because we will read a new story.
use,A2,I used my phone to call my mother because I was lost.
used,A2,I used my phone to call my friend because I was lost in the city.
useful,A2,The map was very useful because we found the hotel quickly.
user,A2,The user bought a new phone because his old one stopped working.
usual,A2,Yesterday I bought my usual bread from the shop because it is cheap and fresh.
usually,A2,Yesterday I did not go to the park because I usually go there on weekends.
vacation,A2,Last summer we went on a vacation to the beach because my brother wanted to swim every day.
valley,A2,They walked through the valley because they wanted to see the river.
van,A2,We rented a van for our trip because we had too much luggage.
variety,A2,We bought a variety of fruits at the shop because we wanted to make a big fruit salad.
vegetable,A2,I bought some vegetable soup from the shop because I wanted a quick and healthy lunch.
vehicle,A2,We took the bus because it was the cheapest vehicle for our trip.
very,A2,"The food at the restaurant was very good, and we ate there twice."
video,A2,We watched a funny video about cats because my brother wanted to laugh.
view,A2,"We went to the top of the hill to view the city, and we took many photos."
village,A2,We visited a small village on our holiday and bought fresh bread from the local shop.
virus,A2,She stayed home from school yesterday because she had a virus.
visit,A2,Yesterday I visited my grandmother because she was sick.
visitor,A2,"Yesterday we had a visitor from Canada, and we showed him around the town."
voice,A2,He spoke in a loud voice because he wanted everyone to hear him.
wait,A2,I waited for the bus because it was late.
waiter,A2,The waiter brought our drinks because we were very thirsty.
wake,A2,The word wake is commonly used in everyday language.
walk,A2,Yesterday I walked to the park because the weather was nice.
wall,A2,He painted the wall in his bedroom blue because he wanted a change.
want,A2,Yesterday I wanted to buy a new jacket because my old one was too small.
war,A2,My grandfather told me stories about the war because he wanted me to understand the past.
warm,A2,She wore a warm coat because it was very cold outside.
wash,A2,Yesterday I helped my mother wash the dishes after dinner because she was very tired.
washing,A2,Yesterday I did the washing because my clothes were dirty.
watch,A2,I watched a movie last night because I was tired.
water,A2,She drank a glass of water because she was very thirsty after her walk.
wave,A2,He waved goodbye to his friend because the bus was leaving.
way,A2,She found a new way to go to the park because the old road was closed.
we,A2,We went to the supermarket because we needed milk and bread.
weak,A2,"He felt weak after the long walk, so he sat down to rest."
wear,A2,The word wear is commonly used in everyday language.
weather,A2,"The weather was bad yesterday, so we stayed inside and watched a movie."
web,A2,I used the web to find a good recipe for dinner because I wanted to cook something new.
website,A2,I visited the website to find a cheap hotel for my holiday because I wanted to save money.
wedding,A2,She went to the wedding with her family and bought a nice dress for the party.
wednesday,A2,I visited my grandmother on Wednesday because it was her birthday.
week,A2,She visited her grandmother last week and helped her with the shopping.
weekend,A2,I visited my grandmother last weekend and we cooked dinner together because she loves my pasta.
weight,A2,He checked the weight of the bag at the airport because it was very heavy.
welcome,A2,They welcomed us to the party because it was their first time having guests.
well,A2,She played well in the game yesterday because she practiced a lot.
west,A2,We drove west for two hours because we wanted to see the sunset at the beach.
wet,A2,The ground was wet because it rained all morning.
what,A2,What did you buy at the shop because you had a list?
wheel,A2,He fixed the wheel on his bicycle because he wanted to ride to the park.
when,A2,"When I was at the shop, I bought some bread and milk because I needed them for breakfast."
where,A2,"We went to the park where we played football, and then we had lunch."
which,A2,She bought the blue dress which was on sale because it was cheaper.
while,A2,He listened to music while he did his homework.
white,A2,She bought a white shirt because it was on sale.
whole,A2,I ate the whole pizza because I was very hungry.
whose,A2,"Whose bag did you find at the park yesterday, and did you give it to the teacher?"
wide,A2,"The road was very wide, and we crossed it carefully because there were many cars."
wild,A2,"We saw a wild rabbit in the park yesterday, and it ran away very fast."
winner,A2,He was the winner of the race because he ran very fast.
wish,A2,I wish I had enough money to buy the red dress because it was beautiful.
wood,A2,He bought a small table made of wood because it was cheap and strong.
wooden,A2,He bought a wooden chair for his room because it was cheap and strong.
working,A2,Yesterday I was working in the garden because the weather was nice.
worried,A2,He was worried about his exam because he did not study enough.
worry,A2,The word worry is commonly used in everyday language.
worse,A2,"The weather was worse yesterday, so I stayed at home and watched movies."
worst,A2,The worst part of my holiday was the rain because we could not go to the beach.
wow,A2,I said wow when I saw the big cake because it was so beautiful.
yet,A2,She hasn't finished her shopping yet because the store was very busy.
yours,A2,"I left my bag at home, so I used yours because I needed to carry my shopping."
zero,A2,"The temperature outside was zero degrees, so I wore my warm coat and gloves."
absolutely,B1,I absolutely believe that reducing plastic waste is one of the most important changes we can make at work and at home.
angle,B1,"From a personal angle, I think working from home improves productivity because it reduces distractions."
anniversary,B1,"Although the company's anniversary celebration was modest, I think it was a meaningful way to recognize everyone's hard work over the past five years."
annual,B1,"Although the annual company report was quite long, I found it interesting because it explained our environmental goals clearly."
anxious,B1,"I felt anxious before my job interview because I really wanted the position, but I reminded myself that I had prepared well."
apparent,B1,"Although the solution to the problem was not immediately apparent, I believe we will find it after reviewing the data more carefully."
apparently,B1,"Apparently, the meeting was cancelled because the manager had an emergency, but I think there might be another reason."
appeal,B1,The idea of working from home appeals to me because it offers more flexibility and saves time on commuting.
approach,B1,"I think the best approach to solving the environmental problem is to reduce waste first, because it is something everyone can do at home."
appropriate,B1,"Although the weather was terrible, I thought it was appropriate to wear a warm coat and boots for the hike."
approval,B1,"Although the project was risky, I only continued because I needed my manager's approval before moving forward."
approve,B1,"Although I personally approve of the new recycling policy at work, some of my colleagues feel it creates extra effort for little environmental benefit."
arise,B1,"If a problem arises during the project, I think it is best to discuss it openly with the team rather than ignoring it."
armed,B1,"Although the security guard was not armed with a weapon, I felt much safer knowing he was trained to handle emergencies."
arms,B1,"Although he was tired after the long hike, he kept his arms strong to carry the heavy backpack for his friend."
artificial,B1,"Although many people prefer natural ingredients, I think artificial sweeteners are a practical choice for reducing sugar intake in a busy lifestyle."
artistic,B1,"Although I am not very good at drawing myself, I really appreciate my friend's artistic talent because she can create beautiful paintings from simple ideas."
ashamed,B1,"Although I was ashamed of my mistake at first, I later realized that admitting it helped me learn and improve my skills at work."
aspect,B1,"One positive aspect of my new job is that I get to work on creative projects, which makes me feel more motivated every day."
assess,B1,"Before making a final decision, the manager needs to assess how the new policy will affect employee morale."
assessment,B1,"Although the initial assessment of the project was quite negative, I believe we can improve it with more teamwork and effort."
associate,B1,I associate the smell of fresh coffee with my first job because it reminds me of the early mornings I spent preparing drinks for customers.
associated,B1,"Although I enjoy living in the city, I find the noise and stress associated with it quite tiring."
association,B1,"I have a positive association with my first job because the team was very supportive, which made learning new skills much easier."
assume,B1,"I assume that the project will be finished on time, but we should prepare a backup plan just in case."
attempt,B1,"Despite my initial attempt to fix the computer myself, I realized I needed professional help to avoid making the problem worse."
bacteria,B1,"Although bacteria are often associated with illness, many types are actually helpful for digestion and maintaining a healthy environment."
barrier,B1,"The language barrier made it difficult for me to communicate with my colleagues at first, but I took a course to improve my skills."
basically,B1,"Basically, I think the best way to reduce waste at work is to recycle more, even though it requires a bit of extra effort from everyone."
beg,B1,"Although I understand that he is struggling financially, I still think it is inappropriate to beg for money on the street instead of looking for a job."
being,B1,"Despite the challenges of working from home, I appreciate being able to manage my own schedule more flexibly."
bend,B1,"Although the road had many sharp bends, I felt confident driving it because I had studied the map carefully."
bent,B1,"Although the old key was slightly bent, I still managed to open the lock after a few tries."
bet,B1,"I bet that learning a new language will open up more job opportunities, even though it requires a lot of patience and practice."
beyond,B1,The view from the mountain was so beautiful that it went beyond anything I had ever seen before.
bitter,B1,"Although the team lost the final match, they felt a bitter disappointment because they had trained so hard for months."
caring,B1,My colleague is very caring because she always takes the time to help new team members feel comfortable.
chief,B1,"Although the chief reason for leaving my job was the low salary, I also felt that the working environment was not very supportive."
circumstance,B1,"Although I was unhappy with the situation, I understood that the difficult circumstance was beyond anyone's control."
cite,B1,"When writing my report on renewable energy, I will cite several recent studies to support my opinion that solar power is the most practical solution for our community."
citizen,B1,"As a responsible citizen, I believe we should all do more to protect the environment by recycling and reducing waste."
civil,B1,"Although the discussion became heated, everyone managed to remain civil and respectful during the meeting."
classic,B1,"Although the movie was made decades ago, its story about love and loss remains a classic that still feels relevant today."
closely,B1,"Although I usually prefer to work alone, I believe it is important to work closely with my colleagues on this project to ensure we meet the deadline."
collapse,B1,"Although the old building looked sturdy, it was in such poor condition that experts feared it might collapse during the next storm."
combination,B1,"The combination of strong winds and heavy rain made the outdoor event unpleasant, so I think they should have chosen a different date."
comfort,B1,"Although I usually prefer working in a quiet space, I find comfort in listening to soft music when I have to concentrate on a difficult task."
command,B1,"Although he had little experience with the software, he quickly learned to command the program's advanced features, which impressed his manager."
commission,B1,"Although the artist was nervous about the deadline, she accepted the commission because it was a great opportunity to work with a famous museum."
commitment,B1,"Although the project required a lot of extra hours, I appreciated my colleague's strong commitment to finishing it on time."
committee,B1,The committee decided to postpone the project because they felt the budget was too limited for a successful outcome.
commonly,B1,"Although many people think that working from home is easier, it is commonly agreed that it requires strong self-discipline to stay productive."
complicated,B1,"The instructions for assembling the furniture were so complicated that I had to ask my neighbour for help, and I think the company should have provided clearer diagrams."
component,B1,"A key component of a successful team is good communication, which I believe is often more important than individual talent."
concentration,B1,"Although I find it hard to concentrate in a noisy office, I need a high level of concentration to finish my reports on time."
concept,B1,"Although I find the concept of working from home appealing, I think it requires strong self-discipline to be truly effective."
concern,B1,My main concern about working from home is that it can be difficult to separate your personal life from your job responsibilities.
concerned,B1,Many residents are concerned about the new factory because they think it will pollute the local river.
conclusion,B1,"After reviewing all the evidence, my conclusion is that working from home can improve productivity if the right systems are in place."
conduct,B1,"Although the manager was new, her professional conduct during the meeting earned everyone's respect."
confidence,B1,"Although she was nervous about the presentation, her confidence grew after she received positive feedback from her colleagues."
confident,B1,"Although I was nervous before the presentation, I felt confident because I had practiced thoroughly and knew my topic well."
confirm,B1,"Although I was fairly sure I had passed the exam, I had to wait for the official email to confirm my result."
conflict,B1,"Although they tried to work together, a conflict about how to divide the tasks made the project take much longer than expected."
confuse,B1,"The instructions for the new software were so poorly written that they confuse even experienced employees, which is why I think the company should hire a technical writer."
confused,B1,"Although I had carefully read the instructions twice, I was still confused by the conflicting information in the report."
confusing,B1,The instructions for the new software were confusing because they used technical terms that I had never seen before.
connection,B1,"I think there is a strong connection between regular exercise and improved mental health, because it always helps me feel more focused and relaxed after a busy day at work."
conscious,B1,"Since I became more conscious of my environmental impact, I try to avoid single-use plastics, which I think is a small but meaningful change."
consequence,B1,"If you don't take care of the environment now, a serious consequence will be the loss of many natural resources for future generations."
conservative,B1,"Although my uncle has a conservative approach to spending money, he believes it is wise to save for emergencies rather than buying unnecessary things."
consideration,B1,"When planning the office layout, we must take into consideration the need for more natural light to improve employee well-being."
consist,B1,"My daily work routine consists of checking emails, attending meetings, and reviewing reports, which I find quite manageable."
consistent,B1,"Although the weather has been unpredictable, I appreciate that her work quality is always consistent."
constant,B1,"Although I find the constant noise from the construction site frustrating, I understand it is necessary for the new building."
constantly,B1,I find it difficult to concentrate at work because my phone constantly buzzes with notifications.
construct,B1,"Although the architect had to construct the building within a tight budget, she believed the final design was both functional and beautiful."
construction,B1,"Although the construction of the new park took longer than expected, I think the final design is very impressive."
consume,B1,Many people believe that we should consume less plastic packaging to help protect the environment.
consumer,B1,"Although many consumers prefer cheap products, I think it is better to spend more on items that last longer and are better for the environment."
contact,B1,I think it is important to stay in contact with old colleagues because they can offer useful advice and support in your career.
container,B1,"Although the plastic container was convenient for storing leftovers, I prefer using glass ones because they are better for the environment."
contemporary,B1,"Although I prefer classic furniture, I think contemporary designs are more practical for small apartments because they focus on simplicity and function."
continuous,B1,"I find that continuous feedback from my manager helps me improve my work, even though it can sometimes be challenging to hear."
contract,B1,"Although the contract seemed fair at first, I decided not to sign it because the working hours were too long for me."
contrast,B1,"In contrast to my previous job in a busy office, I now prefer working from home because it gives me more peace and focus."
contribute,B1,I believe that recycling at home can significantly contribute to protecting the environment for future generations.
contribution,B1,Her contribution to the team project was very helpful because she organized all the research data clearly.
convenient,B1,"Although living far from the city center can be inconvenient, I find it convenient to have a large supermarket right next to my apartment."
convince,B1,"I tried to convince my colleagues that working from home twice a week would improve our productivity, but some still preferred the office environment."
costume,B1,"Although I usually prefer casual clothes, I had to wear a formal costume for the work presentation, which felt uncomfortable but looked professional."
cottage,B1,My grandparents' cottage by the lake is my favorite place to relax because it feels so peaceful and far from the noise of the city.
cotton,B1,I prefer wearing cotton shirts in the summer because they are much more breathable and comfortable than synthetic fabrics.
countryside,B1,I prefer living in the countryside because the fresh air and quiet environment help me focus better on my work.
court,B1,"Although the court ruled in his favor, he still felt the legal process was unnecessarily stressful."
covered,B1,"Although the insurance policy covered most of the damage, I still had to pay a significant amount myself."
cruel,B1,"I think it is cruel to make employees work overtime without any extra pay, because everyone deserves fair compensation for their effort."
cultural,B1,"I find that experiencing different cultural traditions helps me understand my colleagues better, even though it sometimes feels unfamiliar at first."
currency,B1,"Although I prefer using digital payments, I still keep some local currency in my wallet for small shops that do not accept cards."
current,B1,"Although the current economic situation is challenging, I believe it is a good time to invest in renewable energy."
currently,B1,"Although I currently work from home, I prefer being in the office because it helps me stay focused and collaborate with my team."
curtain,B1,"I think the heavy velvet curtain in the living room makes the space feel too dark, so I prefer to keep it open during the day."
custom,B1,"Although I find the custom of exchanging gifts during holidays a bit stressful, I appreciate how it brings my family closer together."
damage,B1,"The smoke from the factory can damage people's health, so I think the company should install better filters."
decade,B1,"Over the past decade, I have noticed that people in my city are becoming more aware of the importance of recycling."
decorate,B1,I prefer to decorate my room with simple colors and a few plants because it creates a calm and relaxing environment after a long day at work.
define,B1,"To define success in my job, I think it is more about personal satisfaction than just the salary I earn."
definition,B1,"Although the dictionary gave a clear definition of the term, I still found it hard to apply the concept to my own work experience."
deliver,B1,"Although the weather was terrible, the courier managed to deliver all the packages before the end of the day."
departure,B1,"Although I was sad about his departure, I understood that the new job opportunity was too important for him to refuse."
despite,B1,"Despite the heavy rain, she decided to go for a run because she believes it's important to stay active."
destination,B1,"Although the journey was long and tiring, reaching my destination made all the effort worthwhile because the view was absolutely stunning."
determine,B1,The results of the survey will help us determine which environmental policies are most important to the community.
determined,B1,"Despite the heavy rain, she was determined to finish her morning run because she believed it would improve her mood."
development,B1,"The rapid development of the new shopping center has improved the local economy, but I think it has also damaged the natural environment."
diagram,B1,"The diagram in the report helped me understand the process, but I still found some parts confusing."
diamond,B1,"Although I think a simple ring is more elegant, my friend prefers the one with a small diamond because she believes it adds a special touch."
difficulty,B1,"Although I had some difficulty understanding the technical instructions at first, I found that asking a colleague for help made the task much easier."
directly,B1,"I prefer to speak directly with my manager about any concerns rather than sending an email, because it avoids misunderstandings."
dirt,B1,"Although I don't mind getting a little dirt on my hands when I'm gardening, I prefer to keep my work desk completely clean."
disadvantage,B1,"One major disadvantage of working from home is that it can be difficult to separate your personal life from your job, which often leads to longer hours."
disappointed,B1,"I was disappointed with the team's lack of effort, because I believed we could have won the competition if everyone had tried harder."
disappointing,B1,The results of the group project were disappointing because we had worked so hard and expected a better outcome.
discount,B1,"Although the jacket was expensive, I decided to buy it because the store offered a twenty percent discount for returning customers."
dislike,B1,"Although I generally enjoy teamwork, I strongly dislike when meetings are poorly organized because they waste everyone's time."
divide,B1,I think it is important to divide the project into smaller tasks so that everyone can focus on their own responsibilities.
documentary,B1,"I watched a fascinating documentary about climate change last night, and it made me realize how much our daily habits affect the environment."
donate,B1,"Although I rarely have extra money, I try to donate a small amount to environmental charities every month because I believe it makes a difference."
doubt,B1,"Although I have some doubt about the new policy, I think it could improve our work environment in the long run."
dressed,B1,"Although she was dressed casually in jeans and a t-shirt, her confident presentation at the meeting impressed everyone."
drum,B1,"Although I prefer quiet music, I think the steady beat of a drum in a live band adds an exciting energy to the performance."
drunk,B1,"Although he rarely drinks, he got quite drunk at the party and regretted his behavior the next morning."
due,B1,"The project was delayed due to unexpected technical issues, which I think was frustrating for everyone involved."
dust,B1,"Although I usually enjoy cleaning, I find it frustrating when dust quickly settles on the shelves again right after I have wiped them."
duty,B1,"Although I sometimes find it tiring, I believe it is my duty to recycle properly because it helps protect the environment for future generations."
earthquake,B1,"Although I have never experienced a major earthquake myself, I think it must be terrifying because of the sudden shaking and the damage it can cause to buildings."
eastern,B1,"Although the eastern part of the city is more industrial, I personally prefer it because the rents are lower and the community feels closer."
economic,B1,"Although the economic situation in my country has been difficult recently, I believe that working from home can help people save money and reduce stress."
economy,B1,"Although the local economy has improved, many people still struggle to find stable jobs that pay enough to cover their living expenses."
edge,B1,I prefer sitting near the edge of the room during meetings because it gives me a better view of everyone.
editor,B1,"Although the editor made several changes to my article, I appreciated her suggestions because they improved the clarity of my argument."
educate,B1,"I believe it is important for companies to educate their employees about recycling, because this helps protect the environment."
educated,B1,"Although he did not attend university, he is very educated because he reads a lot and listens to informative podcasts."
educational,B1,I found the documentary about climate change very educational because it explained the science in a way that was easy to understand.
effective,B1,"Although the new recycling system required some time to learn, I think it is more effective because it reduces waste significantly."
effectively,B1,"To save money on electricity, our family started turning off lights and unplugging devices, which has effectively reduced our monthly bills."
effort,B1,"Despite the heavy rain, the team made a great effort to clean up the park because they cared about the environment."
election,B1,"Although the election results were not what I had hoped for, I believe it is important to respect the decision of the majority."
element,B1,"One important element of a successful team is clear communication, which I believe helps avoid misunderstandings and builds trust among colleagues."
embarrassed,B1,"Although I was embarrassed by my mistake during the presentation, I explained the error honestly and learned from the experience."
embarrassing,B1,"It was really embarrassing when I accidentally sent a personal message to my entire team at work, but my manager just laughed it off."
emergency,B1,"Although I usually prefer to plan ahead, I think it is important to keep a first-aid kit at home in case of a medical emergency."
emotion,B1,"Although she tried to hide it, her voice was full of emotion when she talked about leaving her job."
employment,B1,"Although finding permanent employment can be challenging, I believe it is worth the effort because it provides financial stability and personal satisfaction."
encourage,B1,"My boss always tries to encourage the team by praising our efforts, even when a project does not go as planned."
enemy,B1,"Although I try to avoid conflict, I consider procrastination my biggest enemy when it comes to meeting work deadlines."
engaged,B1,"Although I was tired after a long day, I felt truly engaged in the team meeting because everyone shared interesting ideas about the project."
engineering,B1,"Although I find engineering challenging because it requires a lot of math, I think it is a fascinating field that helps solve real-world problems."
entertain,B1,I find that watching documentaries about nature helps me relax and entertain myself after a long day at work.
entertainment,B1,"Although I usually prefer reading or outdoor activities, I find that watching a good film is a relaxing form of entertainment after a long week at work."
entrance,B1,The grand entrance to the museum was so impressive that I took a photo before even going inside.
entry,B1,"Although the entry fee for the museum was quite high, I think it was worth it because the exhibitions were fascinating."
environmental,B1,"Although I enjoy the convenience of modern life, I believe we need to make more environmental choices, like recycling and reducing waste, to protect our planet for future generations."
episode,B1,"Although the first episode of the training program was confusing, I found the later sessions much more helpful for understanding the new software."
equal,B1,"Although both candidates had similar experience, I believe their communication skills are not equal, which makes the hiring decision quite difficult."
equally,B1,"I believe both candidates are equally qualified for the job, but their different experiences might suit different aspects of the role."
escape,B1,"After a long week of meetings, I needed a quiet weekend in the countryside to escape the noise and stress of the city."
essential,B1,"Although I find cooking relaxing, having a good knife is essential for preparing meals quickly and safely."
eventually,B1,"After months of searching for a job, she eventually found a position that matched her skills and offered good working conditions."
examine,B1,"Before making a decision, the committee needs to examine all the evidence carefully to ensure they choose the best option."
exchange,B1,"During our exchange of ideas in the meeting, I felt that everyone contributed something valuable to the project."
excitement,B1,"The excitement of starting a new job was mixed with a little nervousness, but I knew it would be a great opportunity to learn."
exhibition,B1,"Although I found the modern art exhibition confusing, I appreciated the artist's creative use of recycled materials."
expand,B1,"The company decided to expand its operations into new markets, which I believe was a smart move for long-term growth."
expected,B1,"Although the weather was worse than expected, the team still managed to finish the outdoor project on time."
expedition,B1,"Although the expedition was physically demanding, I believe it was a rewarding experience because we learned so much about the local environment."
experienced,B1,"Although the job was challenging, I felt confident because I had experienced similar situations before."
explode,B1,"The population in our city has started to explode because more people are moving here for work, which I think is putting too much pressure on local resources."
explore,B1,I think it is important to explore different career options before deciding which job suits you best.
explosion,B1,"The sudden explosion at the factory was terrifying, but I think the safety measures prevented a much worse disaster."
export,B1,"Although many people think exporting goods is only for large companies, I believe it can also be a great opportunity for small local businesses to grow."
fairly,B1,"Although I was fairly confident about my presentation, I still felt nervous because my boss was in the audience."
familiar,B1,"Although the city was new to me, the smell of fresh bread from the bakery felt familiar and reminded me of my grandmother's kitchen."
fancy,B1,"Although I don't usually fancy modern art, I found the exhibition quite thought-provoking because it made me reflect on environmental issues."
fascinating,B1,I find it fascinating how my colleague's presentation about renewable energy changed my perspective on environmental issues.
fashionable,B1,"Although I prefer comfortable clothes, I think it is important to look fashionable for important meetings at work."
fasten,B1,"Although the seatbelt felt a bit stiff, I made sure to fasten it properly before the car started moving."
favour,B1,"Although I usually prefer to work alone, I asked my colleague for a favour and she helped me finish the report on time."
fence,B1,"Although the wooden fence around the garden was old and needed painting, I think it still gives the yard a nice sense of privacy."
fighting,B1,"Although I understand the importance of fighting for what you believe in, I think it is often better to find a peaceful solution at work."
file,B1,"I keep a digital file for each project at work, which helps me stay organized because I can easily find important documents when I need them."
financial,B1,"Although I enjoy my job, the financial rewards are not enough to cover my monthly expenses, so I am looking for a better opportunity."
fitness,B1,"Although I don't enjoy running, I try to go to the gym three times a week because maintaining my fitness helps me feel more energetic at work."
fixed,B1,"Although I prefer a flexible schedule, I find that having a fixed daily routine helps me stay productive at work."
flag,B1,"Although the design was simple, the bright red flag at the entrance made it easy to find the meeting point."
flood,B1,"The recent flood in our town destroyed many homes, which is why I believe the government should invest more in better drainage systems."
flour,B1,"Although I prefer using whole wheat flour for its nutty flavor, I find that white flour makes the cake lighter and softer, which is why I often combine both in my baking."
flow,B1,"Although I find it hard to concentrate in a noisy office, my ideas seem to flow much better when I work from home."
fold,B1,"Although I prefer to keep my clothes neatly hung in the wardrobe, I always fold my sweaters to save space and prevent them from stretching."
folk,B1,"Although some folk prefer working in a busy office, I personally enjoy the quiet environment of working from home."
force,B1,"Although I didn't want to go to the meeting, I felt I had no choice but to force myself to attend because it was important for the team."
forever,B1,"I think it would be a great idea to plant more trees in the city, because they help clean the air and their benefits last almost forever."
frame,B1,I think we should frame the problem differently to find a better solution for our team.
freeze,B1,I think we should freeze the project until we receive clearer instructions from the client.
frequently,B1,"Although I enjoy working from home, I find that I communicate more effectively with my colleagues when we meet in the office frequently."
friendship,B1,"Although moving to a new city was challenging, I believe that the friendship we built with our neighbors made the experience much more enjoyable."
frighten,B1,"The loud noise from the construction site next door can frighten people who are not used to it, which I find quite disruptive during work hours."
frightened,B1,"Although I was frightened by the sudden noise outside, I decided to check the window because I knew it was probably just the wind."
frightening,B1,"The speed at which the forest fire spread was frightening, and I think we need better plans to protect our environment."
frozen,B1,"Although the lake was completely frozen, I still thought it was too dangerous to walk on without checking the ice thickness first."
fry,B1,"Although I prefer to bake vegetables to preserve their nutrients, I sometimes fry them in a little olive oil for a crispier texture."
fuel,B1,"Although many people prefer driving cars that use less fuel, I think electric vehicles are a better choice for the environment."
function,B1,"Although the main function of a smartphone is communication, I think its ability to take high-quality photos has become just as important for many people."
fur,B1,"Although I love the look of a real fur coat, I personally prefer to buy faux fur because it is more ethical and environmentally friendly."
garage,B1,"Although my garage is quite small, I think it is a useful space for storing tools and the bicycle I rarely use."
gather,B1,"Although I usually prefer working alone, I gather my team every Friday to discuss our progress because their feedback helps me improve."
generally,B1,"Generally, I find that working in a team is more productive than working alone, because you can share ideas and solve problems together."
generation,B1,"My grandparents' generation had very different ideas about work-life balance, which I think explains why they often stayed in the same job for decades."
generous,B1,"Although the meal was expensive, my colleague was generous enough to pay for everyone without expecting anything in return."
gentle,B1,"Although the manager usually gives direct feedback, I appreciated her gentle approach when she explained how I could improve my presentation skills."
gentleman,B1,"Although he was a busy businessman, he always acted like a true gentleman by holding the door open for others."
ghost,B1,"Although I don't believe in ghosts, I still felt a little nervous when I had to walk through the old, empty building alone."
giant,B1,"Although the company made a giant effort to reduce waste, I think they could still do more to protect the environment."
glad,B1,"I was glad that my suggestion to reduce paper waste in the office was accepted by the team, because it made our daily routine more environmentally friendly."
global,B1,"Many companies are now looking for employees who understand global markets, which I think is essential for long-term success."
glove,B1,"I prefer wearing a leather glove on my left hand when I ride my motorcycle, because it gives me better grip and protection."
goods,B1,"Although the store had a wide variety of goods, I preferred to buy locally made products because they are better for the environment."
grade,B1,"Although I studied hard for the final exam, I was disappointed with my grade because I expected a higher mark."
graduate,B1,"Although many of my friends plan to travel after university, I think it is better to start looking for a job as soon as you graduate."
grain,B1,"Although I prefer whole-grain bread for its health benefits, I sometimes buy white bread because my children refuse to eat the darker kind."
grateful,B1,"I am extremely grateful for the support my colleagues gave me during the project, because their help made a difficult deadline much easier to manage."
growth,B1,"Although the company faced many challenges last year, the steady growth in sales showed that their new strategy was working well."
guard,B1,"Although the security guard was very strict about checking bags, I think it made the building feel safer for everyone."
guilty,B1,"Although I felt guilty about leaving early, I knew my team could handle the rest of the project without me."
hang,B1,I think we should hang the new calendar on the wall near my desk so everyone can see the important deadlines.
happiness,B1,"For me, true happiness comes from spending time with family rather than from achieving success at work."
hardly,B1,"I hardly recognized the old town center after they built all those modern glass buildings, and I think it has lost its original charm."
headline,B1,"Although the headline of the article was quite shocking, I found the actual story to be less dramatic than I expected."
heating,B1,"Although the heating in my apartment is often unreliable during winter, I prefer it to the cold drafts that come through the old windows."
heavily,B1,"The city relies heavily on tourism for its economy, which I think is risky because it leaves many jobs vulnerable during a crisis."
helicopter,B1,"Although I find helicopters quite noisy, I think they are incredibly useful for reaching remote areas quickly during rescue missions."
highlight,B1,"Although the report was quite long, I think the main highlight was the section about reducing waste in the office."
highly,B1,"Although the job was challenging, I highly recommend it because the team is very supportive and the work environment is excellent."
hire,B1,"Although the company had a small budget, they decided to hire an experienced manager because they believed it would improve their team's performance."
historic,B1,"Although the weather was terrible, the team agreed that visiting the historic castle was a memorable experience because of its fascinating stories."
historical,B1,"Although I found the documentary a bit long, I thought it gave a very clear and interesting explanation of the historical events that shaped the city."
honest,B1,"Although I appreciate his honest opinion, I sometimes find it difficult to hear the truth about my own mistakes at work."
horrible,B1,The weather was so horrible during our trip that we decided to stay inside and read instead of going to the beach.
horror,B1,I felt a deep sense of horror when I saw the damage the storm had caused to our neighborhood park.
host,B1,"Although the host of the conference was very welcoming, I felt the schedule was too tight to allow for meaningful discussions."
hunt,B1,"Although I prefer not to hunt for bargains in crowded stores, my sister enjoys the challenge of finding the best deals during sales."
hurricane,B1,"Although hurricanes are terrifying natural events, I believe that better warning systems can help people stay safe and protect their homes."
hurry,B1,"Although I usually prefer to take my time when cooking, I had to hurry to prepare dinner before my guests arrived, which made the experience less enjoyable."
identity,B1,"Moving to a new country made me question my own identity, but I eventually learned to appreciate both cultures."
ignore,B1,"Although my colleague advised me to ignore the negative feedback, I believe it is important to consider it for personal growth."
illegal,B1,"Although many people think it is harmless, parking in a space reserved for disabled drivers is illegal and can result in a fine."
imaginary,B1,"Although the monster in the story was completely imaginary, it still made the children feel too scared to sleep alone."
immediate,B1,"The company's decision to cut down the forest had an immediate impact on the local wildlife, which I think was a serious mistake."
immigrant,B1,"Although finding a job was challenging at first, the immigrant worked hard to learn the local language and eventually started his own successful business."
impact,B1,"The new recycling program at work has had a positive impact on reducing waste, and I believe more companies should adopt similar practices."
import,B1,"Although the company could produce the parts locally, they decided to import them because the foreign materials were cheaper and of higher quality."
importance,B1,"She explained the importance of recycling at home, because even small changes can help protect the environment for future generations."
impression,B1,My first impression of the new manager was very positive because she listened carefully to everyone's ideas during the meeting.
impressive,B1,"The way she organized the entire event in just two days was truly impressive, especially considering she had no previous experience."
improvement,B1,"Although the initial results were disappointing, I believe there has been a noticeable improvement in the team's communication since we started the new project."
incredibly,B1,"The view from the top of the mountain was incredibly beautiful, so I would definitely recommend the hike to anyone who enjoys nature."
indeed,B1,"Indeed, working from home offers more flexibility, but it can also make it harder to separate your personal life from your job."
indicate,B1,"The survey results indicate that most employees prefer a flexible work schedule, which I think improves their overall job satisfaction."
indirect,B1,"Although the company's policy had an indirect effect on employee morale, I believe it still influenced their overall productivity."
indoor,B1,"Although I usually prefer outdoor activities, I find that an indoor swimming pool is much more convenient for regular exercise during the winter months."
indoors,B1,"Although I usually prefer to work in natural light, I find it easier to concentrate indoors because there are fewer distractions."
influence,B1,"My friend's positive attitude had a strong influence on me, so I started to see challenges as opportunities rather than problems."
ingredient,B1,"One essential ingredient for a successful team project is clear communication, which I believe helps avoid misunderstandings and saves time."
injure,B1,"Although he was careful while moving the heavy boxes, he managed to injure his back, which I think was a result of not asking for help."
injured,B1,"Although the injured worker was unable to continue his shift, he felt relieved that his colleagues quickly called for help."
innocent,B1,"Although the puppy looked completely innocent, I knew from experience that he had probably chewed my shoes again."
intelligence,B1,"Although he lacked formal education, his natural intelligence helped him solve complex problems at work."
intend,B1,I intend to apply for the job because I believe my skills match the requirements perfectly.
intention,B1,"Despite the heavy rain, she made it clear that her intention was to finish planting the garden before sunset."
invest,B1,"I think it is wise to invest in renewable energy, because it helps protect the environment and can save money in the long run."
investigate,B1,The journalist decided to investigate the company's environmental claims more thoroughly because she suspected they were hiding something.
involved,B1,"Although the project was challenging, I felt proud to be involved because it helped improve the local park."
iron,B1,"Although I usually prefer cotton shirts, I think an iron shirt looks much more professional for important business meetings."
issue,B1,One major issue with working from home is that it can be difficult to separate your personal life from your job responsibilities.
journal,B1,"Although I find it difficult to write every day, keeping a personal journal helps me understand my thoughts and feelings better."
judge,B1,"Although it is not fair to judge someone's abilities based only on their first attempt, many employers still do this during interviews."
keen,B1,"Although I am not very experienced in gardening, I am keen to learn more about growing vegetables because I think it is a useful skill for the environment."
keyboard,B1,"Although I prefer writing by hand, I find that using a keyboard is much faster for typing long emails at work."
kick,B1,"Although I usually enjoy running in the morning, I had to stop because my knee started to hurt after every kick I made while playing football."
killing,B1,"Although I find it difficult to concentrate when my phone keeps ringing, the constant noise is killing my productivity at work."
kiss,B1,"Although I usually prefer a handshake in professional settings, I think a gentle kiss on the cheek can be a warm way to greet close friends."
label,B1,"I prefer to check the label on clothing before buying it, because the fabric information helps me decide if it will be comfortable to wear."
laboratory,B1,"Although I found the work challenging, I enjoyed spending time in the laboratory because it felt like a place where new discoveries could happen."
lack,B1,"Although she had the necessary qualifications, her lack of practical experience made it difficult to find a job."
latest,B1,"Although I usually prefer to wait for reviews, I decided to buy the latest smartphone because its new camera features seemed impressive."
lay,B1,"Although I prefer to lay out my clothes the night before, I often change my mind in the morning."
layer,B1,"When I paint a room, I always apply a second layer of paint because it makes the color look much richer and more even."
leading,B1,"Although the company is facing some challenges, its leading position in the market is still clear because of its innovative products."
leaf,B1,"Although I prefer the vibrant colors of autumn, I find it annoying when a single dry leaf falls onto my car and gets stuck under the windshield wiper."
leather,B1,"I prefer my leather jacket to a synthetic one because it lasts longer and feels more comfortable, even though it requires more care."
legal,B1,"Although I understand why some people choose to work from home, I personally prefer a traditional office because the legal requirements for employee safety are clearer in that environment."
leisure,B1,"Although I enjoy my work, I believe it is important to spend at least a few hours each day on leisure activities like reading or walking in the park."
length,B1,"The length of the meeting was frustrating, but I understood why we needed to discuss every detail of the project."
lie,B1,I think it is better to tell the truth at work because one small lie can damage your reputation for a long time.
limit,B1,I think we should limit the amount of plastic we use at home because it is better for the environment.
lip,B1,"Although I usually enjoy spicy food, I accidentally bit my lip while eating a very hot pepper, which was quite painful."
liquid,B1,"Although I usually prefer drinking water, I find that a warm liquid like herbal tea is much more soothing before bed."
literature,B1,"Although I usually prefer watching films, I find that reading literature helps me understand different cultures and historical periods more deeply."
living,B1,"Although the cost of living in the city is high, I think the opportunities for work and culture make it worthwhile."
locate,B1,"Although the map was confusing, I managed to locate the nearest bus stop by asking a local resident for directions."
located,B1,"Although the new office is located in a quieter part of the city, I think the commute is much more relaxing now."
location,B1,The location of the new office is perfect because it is close to the train station and has plenty of parking spaces.
lonely,B1,"Even though she worked in a busy office full of people, she often felt lonely because she had no real friends there."
loss,B1,"Losing my job was a significant loss, but it gave me the chance to find a career I truly enjoy."
luxury,B1,"Although I enjoy having a luxury car, I believe that spending time with family is a greater luxury than any expensive possession."
mad,B1,"Although I was mad at my colleague for missing the deadline, I understood that the project was too ambitious for our small team."
magic,B1,"I think the magic of working from home is that you can create your own schedule, which helps me feel more productive and less stressed."
mainly,B1,"I mainly chose this job because it offers a good work-life balance, although the salary is not as high as I had hoped."
mall,B1,"Although I prefer shopping at small local stores, I sometimes go to the mall because it has a wider variety of shops and it's more convenient when I need to buy several things at once."
management,B1,"The new management introduced flexible working hours, which I think has improved team morale significantly."
marketing,B1,"Although I find some marketing strategies too aggressive, I understand that they are necessary for companies to reach new customers."
marriage,B1,"Although some people believe marriage is the most important commitment in life, others think it is not necessary for a happy relationship."
meanwhile,B1,"Meanwhile, I think it's a good idea to finish this report before the meeting starts, so we can focus on the discussion later."
measure,B1,"To measure the success of our recycling program, we should track how much waste each household produces every month."
medium,B1,"Although I prefer my steak cooked medium, my friend insists that well-done is the only safe option, which I think ruins the flavor."
mental,B1,"Although the job was physically demanding, I found the constant problem-solving to be the most mental challenge."
mess,B1,"Although I usually keep my desk tidy, it became a complete mess after I had to sort through all those old project files yesterday."
mild,B1,"Although the weather was quite mild for January, I still preferred to stay indoors and read a book rather than go for a walk."
mix,B1,"I think the best way to improve the team's creativity is to mix people from different departments, because they bring fresh ideas to the table."
mixture,B1,"The mixture of old and new furniture in the office creates a unique atmosphere, which I find quite inspiring for my work."
mood,B1,My mood at work often depends on whether I have a clear plan for the day or if unexpected problems arise.
mud,B1,"After the heavy rain, the path to the construction site turned into thick mud, which made it very difficult for the workers to move their equipment safely."
murder,B1,"Although the detective believed it was a murder, she explained that the evidence was not strong enough to prove it in court."
muscle,B1,"After months of regular exercise, I noticed that my arm muscle had grown stronger, which made me feel more confident about my physical health."
mystery,B1,"The reason why the old house at the end of the street has been empty for years is a complete mystery to me, but I think someone should investigate it."
nail,B1,"Although I usually struggle with DIY projects, I managed to nail the shelf to the wall perfectly after watching a helpful tutorial."
narrative,B1,"Although the company's official narrative focused on success, I believe the employees' personal stories revealed a more honest picture of the challenges they faced."
nation,B1,"Although the nation has made progress in reducing pollution, I believe more investment in renewable energy is still necessary."
native,B1,"Although I have lived in this city for ten years, I still don't feel like a native because I miss the quiet countryside where I grew up."
naturally,B1,"She speaks English very well because she grew up in a bilingual home, so it came naturally to her."
necessarily,B1,"Although I enjoy my job, it doesn't necessarily mean I want to work on weekends."
needle,B1,"Although I usually prefer digital patterns, I find that using a needle for embroidery gives the final piece a more personal and handmade feel."
neighbourhood,B1,"Although my new neighbourhood is quite far from the city centre, I really appreciate how quiet and friendly it is."
net,B1,"Although the fishing net was old and torn, I still managed to catch enough fish for dinner, which was a pleasant surprise."
nor,B1,"I don't enjoy working late, nor do I find the office environment very relaxing."
northern,B1,"Although I prefer warmer climates, I think the northern regions of the country offer beautiful landscapes that are worth visiting in the summer."
nuclear,B1,"Although nuclear energy can provide a lot of electricity, many people are worried about its safety and the waste it produces."
obvious,B1,It was obvious that she had prepared well for the presentation because her answers were clear and confident.
obviously,B1,"Obviously, working from home saves time on commuting, but it can also make it harder to separate your personal life from your job."
occasion,B1,"I think it is important to dress formally for a job interview, because it is a special occasion that shows respect to the employer."
occur,B1,"Although I had planned the meeting carefully, unexpected problems can still occur when the technology fails to work properly."
odd,B1,"It seemed odd to me that he would leave his job without having another one lined up, but he explained that he needed a complete change."
official,B1,"Although the official report stated that the project was a success, I personally think it was poorly managed from the start."
old-fashioned,B1,"Although my grandmother prefers old-fashioned methods like writing letters by hand, I think using email is much more convenient for staying in touch with friends."
operation,B1,"Although the hospital's daily operation runs smoothly, I think the staff still deserve more recognition for their hard work."
organized,B1,"Although the project had many complicated parts, I found it much easier to finish because my colleague kept everything organized in a shared folder."
organizer,B1,"Although the event was quite large, the main organizer did a great job of keeping everything on schedule and making sure everyone knew their tasks."
originally,B1,"I originally planned to work in finance, but after volunteering at an environmental nonprofit, I realized I preferred a career that helps protect the planet."
ought,B1,People ought to recycle more often because it helps reduce waste and protects the environment for future generations.
ours,B1,"While their team focused on short-term profits, ours prioritized sustainable practices, which I believe is a more responsible approach for the environment."
outdoor,B1,I prefer working in an outdoor café because the fresh air helps me concentrate better than sitting inside an office.
outdoors,B1,I prefer working outdoors because the fresh air helps me concentrate better than sitting in an office all day.
package,B1,"Although the package arrived later than expected, I was pleased to find that everything inside was carefully wrapped and undamaged."
painful,B1,"Although the training was physically painful, I believe it was necessary to improve my performance at work."
pale,B1,"Although the morning sky was pale and gray, I decided to go for a walk because the fresh air always improves my mood."
pan,B1,"Although I usually prefer using a non-stick frying pan for cooking eggs, I think the old cast-iron one gives them a much better flavor."
participate,B1,I believe it is important to participate in community clean-up events because they help protect the local environment.
particularly,B1,I find this restaurant particularly good for business lunches because the quiet atmosphere allows for focused conversations.
passion,B1,"Although my job can be stressful, I continue doing it because I have a real passion for helping people solve their problems."
path,B1,"Although the hiking path was steep and rocky, I found the experience incredibly rewarding because of the beautiful views."
payment,B1,"Although the initial payment was quite high, I believe the quality of the service justifies the cost."
peaceful,B1,"After a long week at work, I find it much more enjoyable to spend my Sunday mornings in a peaceful park rather than in a noisy café."
percentage,B1,"A large percentage of the team agreed that the new recycling system at work is effective, even though it requires more effort from everyone."
perfectly,B1,"Although the weather forecast was uncertain, the outdoor event went perfectly because we had prepared a backup plan."
performance,B1,"Although the team was tired, their performance in the final match was impressive because they worked together so well."
personally,B1,"Personally, I believe that working from home is more productive, even though it can sometimes feel isolating."
persuade,B1,"I tried to persuade my colleagues to recycle more at work, but they were not convinced it would make a difference."
photographer,B1,The photographer explained that she prefers taking pictures of nature because it helps her feel calm after a busy week at work.
photography,B1,"Although I don't consider myself an expert, I have always enjoyed photography because it allows me to capture beautiful moments from my travels."
pin,B1,"Although I usually prefer digital maps, I still pin important locations on a physical map in my office because it helps me visualize my travel plans more clearly."
pipe,B1,"Although the old pipe in the basement was rusty, I think it is still safe to use for the garden watering system."
planning,B1,"Although I enjoy spontaneous trips, I find that careful planning before a big project helps me avoid unnecessary stress and mistakes."
pleasure,B1,"One of my greatest pleasures at work is helping a colleague solve a challenging problem, because it creates a sense of teamwork and shared success."
plenty,B1,"Although the city has plenty of job opportunities, I believe the cost of living makes it difficult for young people to save money."
plot,B1,"Although the main plot of the film was quite predictable, I still enjoyed the beautiful scenery and the actors' performances."
poem,B1,"Although I usually prefer novels, I found this short poem about autumn surprisingly moving because it captured the feeling of change so well."
poet,B1,"Although I usually prefer reading novels, I think a poet can express deep emotions more powerfully with just a few carefully chosen words."
poetry,B1,"Although I usually prefer reading novels, I find that poetry helps me express my feelings in a more creative and personal way."
poison,B1,"Although many people enjoy gardening, I think it is important to avoid using chemical poison because it can harm the environment and local wildlife."
poisonous,B1,"Although many people think that all mushrooms are dangerous, only a few species are actually poisonous, so it is important to learn how to identify them before going foraging."
policy,B1,"Although I disagree with the company's new policy on working from home, I understand it was introduced to improve team collaboration."
political,B1,"Although I try to avoid discussing political topics at work, I think it is important to understand how government decisions affect our environment."
politician,B1,"Although I don't always agree with their decisions, I think a good politician should listen carefully to the people they represent."
politics,B1,"Although I find politics quite confusing, I try to follow the news so I can understand how decisions affect my job and daily life."
port,B1,"Although the port was crowded with cargo ships, I found it fascinating to watch the workers unloading containers so efficiently."
portrait,B1,"The artist spent weeks on the portrait because she wanted to capture not just her friend's appearance, but also her thoughtful personality."
possibly,B1,"If we leave now, we could possibly avoid the worst of the traffic, which would make the journey much less stressful."
pot,B1,"Although I prefer cooking with fresh herbs, I always keep a small pot of basil on my kitchen windowsill because it makes the room smell wonderful and saves me money."
pour,B1,"Although the rain continued to pour all afternoon, I decided to go for a walk because I find the sound of it relaxing."
poverty,B1,"Although many people work very hard, poverty can still make it difficult for them to afford basic needs like housing and healthy food."
powder,B1,"Although I prefer using liquid detergent, I find that the powder version works much better for removing tough stains from my work clothes."
powerful,B1,"Although the storm was powerful, the community worked together to rebuild their homes and businesses."
practical,B1,"Although the idea of working from home sounds appealing, I find it more practical to go to the office because I can focus better and collaborate with my team."
pray,B1,"Although I don't usually pray, I found myself hoping for good weather during our outdoor team-building event."
prayer,B1,"Although I am not a religious person, I find that saying a quiet prayer before a difficult meeting helps me feel calmer and more focused."
prediction,B1,"Although the weather forecast is not always accurate, I still rely on its prediction to decide whether to take an umbrella to work."
prepared,B1,"Although I was not fully prepared for the presentation, I think I managed to explain my main points clearly."
presentation,B1,"Although the presentation was quite long, I thought the speaker explained the topic clearly and included some interesting examples."
pressure,B1,"Although I enjoy my job, the constant pressure to meet tight deadlines can sometimes be overwhelming."
pretend,B1,"Although I knew my colleague was upset about the project delay, I decided to pretend everything was fine to keep the meeting positive."
previous,B1,"Although my previous job was more stressful, I prefer my current role because it offers better work-life balance."
previously,B1,"Although I had previously worked in a different industry, I now find my new job in environmental research much more fulfilling."
priest,B1,"Although my neighbor is a priest, he often helps with community projects outside of his church duties, which I think shows great dedication."
primary,B1,"My primary reason for choosing this job was the opportunity to work with a team that values creativity, which I find more important than a high salary."
prince,B1,"Although the young prince was raised in a palace, he preferred to spend his time learning about environmental issues rather than attending formal events."
princess,B1,"Although I understand that some children dream of becoming a princess, I personally think it is more important to focus on building a meaningful career."
printing,B1,"Although the printing process can be slow, I prefer it for making high-quality photos because the colors look more natural than on a screen."
prisoner,B1,"Although he was a prisoner of his own fear of failure, he decided to apply for the job anyway because he wanted to change his life."
private,B1,"Although I understand that some people enjoy sharing every detail of their lives online, I prefer to keep my personal thoughts and feelings private."
producer,B1,The local coffee producer explained that their new sustainable farming methods not only improve the taste but also help protect the environment.
production,B1,"Although the production of plastic waste is harmful to the environment, I believe companies should focus on creating more sustainable packaging instead."
profession,B1,"Although I enjoy my current job, I believe that teaching is a rewarding profession because it allows you to make a real difference in young people's lives."
profit,B1,"Although the company made a large profit last year, I believe they should invest more in environmentally friendly practices."
promote,B1,The company decided to promote her to manager because she had shown great leadership skills and dedication over the past few years.
proper,B1,"It is important to take a proper break during the workday, because it helps you stay focused and productive."
properly,B1,"If you want the plants in your garden to grow well, you need to water them properly and give them enough sunlight."
property,B1,"Although the property was expensive, I think it was a good investment because of its location near the city center."
protest,B1,"Although many people protest that the new factory will harm the environment, I believe it will create much-needed jobs for the local community."
proud,B1,"I felt incredibly proud of myself when I finally finished the project on time, even though my colleagues had doubted I could do it."
prove,B1,"Although the new recycling system was complicated at first, the results helped prove that it was worth the effort for the environment."
punish,B1,"Although I understand why some people want to punish companies for polluting the environment, I believe it is more effective to educate them about sustainable practices."
punishment,B1,"Although many people believe that strict punishment is necessary for breaking rules at work, I think it is more effective to first understand the reason behind the mistake."
qualification,B1,"Although I have the necessary qualification for the job, I believe practical experience is even more important for success."
qualified,B1,"Although the job was challenging, I felt qualified because I had completed a similar project before."
qualify,B1,"Although the training program was challenging, I believe it will help me qualify for a better position in the company."
queue,B1,"Although I usually dislike waiting, I didn't mind standing in the long queue for the new exhibition because the art was truly impressive."
quit,B1,"Although she enjoyed the team, she decided to quit her job because the long hours were affecting her health."
quotation,B1,"When writing my report on renewable energy, I included a quotation from an expert to support my opinion that solar power is more efficient than wind energy."
quote,B1,"I always quote my sources in reports because it makes my arguments more credible, even when the information seems obvious."
racing,B1,"Although I enjoy watching car racing on television, I think it is too dangerous and bad for the environment."
range,B1,"Although the job market is competitive, I think it is important to have a wide range of skills to improve your chances of success."
rare,B1,"Although it is rare to find such a quiet café in the city center, I really enjoy going there to read."
rarely,B1,"Although I enjoy my job, I rarely have the chance to work on creative projects because most of my tasks are routine."
reaction,B1,"My initial reaction to the new recycling system at work was negative, but after seeing how much waste it reduced, I changed my mind."
reality,B1,"Although I had hoped the project would be easy, the reality was that we needed to work much harder to meet the deadline."
receipt,B1,I always keep the receipt for expensive items because it makes returning faulty products much easier.
recommendation,B1,"Although I was not sure about the book at first, I followed my friend's recommendation and ended up really enjoying it."
reference,B1,"Although I found the job description confusing, I used the company's website as a helpful reference to understand the main responsibilities."
reflect,B1,I think it is important to reflect on my mistakes at work so that I can improve my skills for future projects.
regularly,B1,"Although I find it difficult to stay motivated, I try to exercise regularly because it helps me focus better at work."
reject,B1,"Although the committee liked some of the ideas in the proposal, they decided to reject it because it was too expensive to implement."
relate,B1,I can relate to my colleague's frustration because we both had to work late to finish the project on time.
related,B1,"Although I found the documentary interesting, I thought some of the information was not directly related to the main topic."
relation,B1,"Although I find my colleague difficult to work with sometimes, I believe maintaining a good working relation with him is essential for our team's success."
relative,B1,"Although the cost of living in the city is higher, my salary is also better, so the financial pressure is only relative."
relaxed,B1,"Although the interview was important, I felt surprisingly relaxed because I had prepared thoroughly for every possible question."
relaxing,B1,"After a long week at work, I find it very relaxing to sit in the garden with a good book and a cup of tea."
release,B1,"The company decided to release the new software update earlier than planned, which I think was a smart move because it addressed several user complaints."
reliable,B1,"Although my old car is not very fast, it has always been reliable, which is why I trust it for long journeys."
religion,B1,"Although I do not personally follow any religion, I respect how it provides a sense of community and purpose for many people around the world."
religious,B1,"Although I am not a very religious person, I still respect the traditions and beliefs of my colleagues who practice their faith."
remain,B1,"Although the company offered him a promotion, he decided to remain in his current role because he values work-life balance more than a higher salary."
remind,B1,"The constant noise from the construction site reminds me why I prefer working from home, as it helps me stay focused and productive."
remote,B1,"Although the cabin was in a remote location without phone service, I found the peace and quiet perfect for focusing on my writing."
rent,B1,"I think it is better to rent a flat in the city center than to buy one, because you have more flexibility if your job changes."
repeated,B1,"Although the manager gave repeated warnings about the deadline, some team members still failed to submit their reports on time."
represent,B1,"Although the company logo is simple, it represents our commitment to quality and innovation."
require,B1,"Although the job does not require a university degree, I believe practical experience is even more valuable for success."
reservation,B1,I have a reservation about the new policy because it might reduce our team's flexibility.
resource,B1,"Although the company had limited financial resources, they still managed to launch the project successfully because of their creative ideas."
respect,B1,I have a lot of respect for my colleague because she always listens carefully to everyone's opinion before making a decision.
responsibility,B1,Taking care of a pet is a big responsibility because you have to feed it and keep it healthy every day.
responsible,B1,"As a team leader, she is responsible for making sure everyone finishes their tasks on time, which I think is a fair expectation."
retire,B1,"After working for forty years as a teacher, my aunt plans to retire next summer so she can finally travel and spend more time with her family."
retired,B1,"Although my grandfather retired from his job as a teacher last year, he still enjoys helping students with their studies because he finds it meaningful."
revise,B1,I need to revise my essay on climate change because my teacher said my arguments were not clear enough.
risk,B1,"Although I enjoy hiking, I think the risk of getting lost in bad weather is too high without a map."
robot,B1,"Although many people worry that robots will take their jobs, I think they can actually help us do repetitive tasks more efficiently."
roll,B1,"Although the bread roll was a bit hard, I thought it tasted better than the soft ones because it had a nice crunchy texture."
romantic,B1,"I think a candlelit dinner by the beach is more romantic than a crowded restaurant, because the quiet atmosphere allows you to really talk and connect."
rope,B1,"Although I was nervous about the climbing activity, I trusted the thick rope to keep me safe because it was properly secured by the instructor."
rough,B1,"The hike was beautiful, but the rough terrain made it much harder than I expected, so I would recommend wearing proper boots."
royal,B1,"Although I usually prefer simple holidays, I must admit that staying in that royal suite with its private butler and stunning views was an unforgettable experience."
rugby,B1,"Although I find rugby too physically demanding for me to play, I enjoy watching matches because the teamwork and strategy involved are impressive."
safety,B1,"Although the new equipment was expensive, I believe it was a necessary investment for the safety of all employees in the factory."
sailor,B1,"Although the sailor had spent many years at sea, he still found the unpredictable weather on long voyages both challenging and fascinating."
sample,B1,"Although the first sample of the product was not perfect, I believe the second one will work much better for our customers."
sand,B1,"Although I usually prefer walking on grass, I find that sitting on the warm sand at the beach is much more relaxing after a long week at work."
scan,B1,"Although I prefer reading physical books, I usually scan the first few pages of a digital preview to decide if the writing style suits my taste."
scientific,B1,"Although the article was quite long, I found the scientific explanation about climate change very clear and helpful for my understanding."
script,B1,"Although the actor forgot some of his lines, he managed to continue naturally because he had practiced the script so many times."
sculpture,B1,"Although I usually prefer paintings, I found the modern sculpture in the park quite impressive because of its unusual shape and the way it reflected the sunlight."
secondary,B1,"Although finding a job is important, gaining relevant experience should be your secondary focus at first."
security,B1,"Although I enjoy living in a busy city, I sometimes worry about my personal security when I walk home alone at night."
seed,B1,"Although I prefer buying young plants, my grandmother always insists that growing vegetables from seed is more rewarding because you can watch the entire process from the very beginning."
sensible,B1,"Although the weather was unpredictable, she made a sensible decision to bring both a raincoat and sunscreen for the hike."
seriously,B1,I seriously think we should start recycling more at home because it would help reduce waste and protect the environment for future generations.
servant,B1,"Although being a servant in a large household can be physically demanding, I believe it teaches valuable skills like patience and responsibility."
set,B1,"Although the team had a tight deadline, they decided to set clear priorities to avoid confusion and finish the project on time."
setting,B1,I prefer working in a quiet setting because it helps me concentrate better on my tasks.
sex,B1,"Although some people think that sex should not affect your ability to do a job, I believe it is important to ensure equal opportunities for everyone in the workplace."
sexual,B1,"Although many people feel uncomfortable discussing it, understanding the concept of sexual harassment is important for creating a safe work environment."
sharp,B1,I think it is important to have a sharp knife in the kitchen because it makes preparing vegetables much safer and easier.
shelf,B1,"Although I prefer to keep my desk clear, I store my reference books on a high shelf so that I can easily find them when I need to work."
shell,B1,"Although I prefer to collect whole seashells on the beach, I think the broken ones are just as interesting because you can see the animal's former home inside the shell."
shift,B1,"Although I prefer working in the morning, I have to take the night shift this week because my colleague is on holiday."
shine,B1,"Although the project was challenging, I believe her creativity will really shine if she is given more responsibility."
shiny,B1,"I prefer my work desk to be simple and practical, so I avoid having too many shiny decorations that can be distracting."
shoot,B1,"Although I prefer to use a camera to capture memories, my friend likes to shoot videos with her phone because she finds it more convenient."
shy,B1,"Although she is very knowledgeable about the topic, she tends to be shy during team meetings, which prevents her from sharing her valuable ideas."
sight,B1,"The sight of the polluted river was disappointing, so I decided to join the local cleanup group to make a difference."
signal,B1,"Although the traffic signal was green, I decided to wait because the pedestrian crossing was still crowded."
silent,B1,"Although the library was usually full of students, it felt strangely silent during the exam period, which made me concentrate better on my work."
silly,B1,"I think it was a silly mistake to leave the windows open during the storm, because now the floor is completely wet."
similarity,B1,"Although the two job candidates had very different backgrounds, I noticed a clear similarity in their approach to solving problems."
similarly,B1,"Similarly, I believe that reducing plastic waste helps the environment, just as using public transport cuts down on pollution."
simply,B1,I simply cannot understand why people throw away so much plastic when recycling is an easy option.
sink,B1,"I think the kitchen sink is a good place to start when cleaning up, because it helps me feel more organized after a long day at work."
slice,B1,"Although I usually prefer whole-grain bread, I think a small slice of rich chocolate cake is the perfect way to end a stressful day at work."
slightly,B1,"Although I enjoyed the movie, I found the ending slightly disappointing because it felt rushed."
smart,B1,I think it was a smart decision to start recycling at home because it helps reduce waste and saves money on garbage bags.
smooth,B1,"Although the project started with some unexpected problems, the team's cooperation made the process much smoother than I had anticipated."
software,B1,I prefer using this software for my projects because it is easy to learn and helps me organize my work more efficiently.
soil,B1,"Although the soil in our garden is not very rich, I think it is still good enough for growing vegetables if we add some compost."
solid,B1,"Although the company's initial proposal had some flaws, I think it was based on a solid understanding of the market."
southern,B1,I prefer living in the southern part of the city because the weather is warmer and the parks are more peaceful.
specifically,B1,"I chose this job specifically because it allows me to work from home, which gives me more time with my family."
spending,B1,"Although I enjoy traveling, I try to limit my spending on souvenirs because saving money for future experiences feels more important."
spicy,B1,"Although I usually prefer mild flavors, I found the spicy curry at the new restaurant surprisingly enjoyable because it added a rich depth to the meal."
spirit,B1,"Although the team lost the match, their fighting spirit impressed everyone at the competition."
spoken,B1,"Although her written English is excellent, her spoken English is still quite hesitant because she rarely practices speaking with native speakers."
spot,B1,"Although I usually enjoy hiking, I can spot the negative impact of litter on the environment, which is why I always carry a bag to collect waste."
spread,B1,"Although the news about the company's new policy spread quickly, many employees still had mixed opinions about its impact on their workload."
stadium,B1,"Although I prefer watching sports at home, I think the atmosphere in a large stadium makes the experience much more exciting."
staff,B1,"The staff at my office are very helpful, so I always feel comfortable asking them for advice when I have a problem with a project."
standard,B1,"Although the apartment was affordable, the living standard was lower than I expected because the heating system often broke down."
statistic,B1,"According to the latest statistic, more people are choosing to work from home because they find it improves their work-life balance."
statue,B1,"Although the old statue in the park was covered in moss, I think it adds character to the neighborhood."
stick,B1,"Although I prefer to try new things, I usually stick with my usual brand of coffee because I know I will enjoy it."
stranger,B1,"Although I usually feel comfortable in new places, I found it strange to ask a stranger for help with my work project."
strength,B1,"One of my greatest strengths at work is staying calm under pressure, which helps the team solve problems more effectively."
string,B1,"Although I prefer using a digital tuner, I still keep a spare string for my guitar in case one breaks during a performance."
strongly,B1,I strongly believe that companies should invest more in renewable energy to protect the environment for future generations.
studio,B1,"Although the studio was quite small, I think it was the perfect space for my painting projects because the natural light was excellent."
stuff,B1,I find it hard to concentrate at work when my desk is covered in old papers and other stuff that I should have thrown away.
substance,B1,"Although the cleaning product smelled strong, I chose it because the natural substance was safer for the environment."
successfully,B1,"After months of practice, she successfully passed her driving test, which was a huge relief for her."
sudden,B1,"The sudden change in weather ruined our picnic, which was frustrating because we had planned it for weeks."
suffer,B1,"Although he loved his job, he began to suffer from constant stress because of the unrealistic deadlines."
suitable,B1,"Although the apartment was modern and spacious, I decided it was not suitable for my family because it lacked a garden for the children to play in safely."
summarize,B1,"To summarize the main points of the meeting, I think we should focus on reducing waste in our office."
summary,B1,"After reading the long report, I wrote a short summary of the main points for my team."
supply,B1,"Although the company promised to increase the supply of recycled materials, I think they should focus more on reducing waste in the first place."
supporter,B1,"Although I am not a fan of the new policy, I remain a strong supporter of the team because they have always worked hard to improve the local environment."
surely,B1,Surely you must agree that reducing plastic waste is an important step for protecting the environment.
surface,B1,"Although the problem seemed simple on the surface, I realized it was much more complicated once I started working on it."
survive,B1,"Although the company faced serious financial problems last year, it managed to survive by cutting costs and focusing on its most popular products."
switch,B1,I decided to switch to a reusable water bottle because I wanted to reduce my plastic waste at work.
symptom,B1,"Although the new policy was meant to improve efficiency, the rising number of employee complaints was a clear symptom of deeper communication problems in the company."
tail,B1,"Although the dog's tail wagged happily, I could tell it was still nervous around strangers."
talent,B1,"Although she had a natural talent for painting, she still practiced every day to improve her skills."
talented,B1,My coworker is so talented at graphic design that she often finishes her projects faster than anyone else in the office.
tape,B1,I always keep a roll of strong tape in my desk drawer because it is useful for quickly repairing torn documents or packages before they get lost.
tax,B1,"Although I understand that taxes are necessary to pay for public services like roads and schools, I still think the amount I pay is too high for my salary."
technical,B1,"Although the instructions seemed simple, I found the technical details of the software quite confusing at first."
technique,B1,"Although the painting looked simple, the artist used a special technique to create the soft shadows and realistic details."
tend,B1,I tend to prefer working in the morning because I find it easier to concentrate without distractions.
tent,B1,"Although setting up the tent in the rain was frustrating, I think it was worth it for the chance to sleep so close to the forest."
theirs,B1,"Although their garden is smaller than ours, I think theirs is more beautiful because of the variety of flowers they have planted."
theme,B1,"The main theme of the conference was sustainability, and I found the discussions about reducing waste particularly inspiring."
theory,B1,"Although I have a theory that working from home increases productivity, I still prefer going to the office for the social interaction."
therefore,B1,"I missed the bus this morning, and therefore I was late for an important meeting at work."
though,B1,"Though I was nervous about the presentation, I felt it went quite well in the end."
throat,B1,"Although I usually enjoy singing, I had to stop because my throat felt sore and dry after talking for hours at the conference."
throughout,B1,"Throughout my career, I have found that staying organized is essential for maintaining productivity."
tight,B1,"Although my budget was tight last month, I still managed to save enough for a short weekend trip."
till,B1,"I prefer to keep working on this project till it's finished, because stopping halfway would make the final result less satisfying."
tin,B1,"Although I prefer fresh vegetables, I always keep a tin of tomatoes in my cupboard for making a quick pasta sauce when I am short on time."
tiny,B1,"Although the apartment was tiny, I loved it because it felt cozy and was located right in the center of the city."
toe,B1,"I stubbed my toe on the heavy box in the hallway, which was a painful reminder that I should have tidied up the workspace before leaving."
tongue,B1,"Although I have been learning French for years, I still find it difficult to speak quickly without tripping over my tongue."
total,B1,"Although the project was challenging, I think the total amount of effort we invested was absolutely worth it for the final result."
totally,B1,"I totally disagree with the company's decision to cut down the forest, because it will harm the local wildlife and affect the environment for years to come."
tourism,B1,"Although tourism can bring money to a local economy, it often harms the environment if it is not managed carefully."
towards,B1,I feel more positive towards my job now that I understand how my work contributes to the team's success.
trade,B1,"Although I think global trade can bring economic benefits, it often harms the environment when goods are shipped long distances."
translate,B1,"Although I usually prefer to read books in their original language, I sometimes use an online tool to translate a few words when the vocabulary is too advanced for me."
translation,B1,"Although I found the original novel quite beautiful, I think the translation lost some of the emotional depth that made the story so special."
various,B1,"I prefer working from home because it allows me to manage various tasks, such as answering emails and preparing reports, without constant interruptions."
version,B1,I prefer the updated version of the software because it has a clearer layout and saves me more time at work.
victim,B1,"Although the company tried to blame the employee for the mistake, he was clearly the victim of a poorly designed system."
viewer,B1,"Although the documentary was quite long, the viewer could still understand the main message about protecting the environment."
violent,B1,"Although the movie had some violent scenes, I thought it was important for showing the reality of war."
volunteer,B1,I decided to volunteer at the local animal shelter because I believe it is a meaningful way to help homeless pets and gain valuable experience.
vote,B1,"Although I usually support the environment-friendly candidate, I decided to vote for the one with more experience in creating local jobs."
warn,B1,"Although I understand the appeal of the new development, I would warn everyone that it could seriously damage the local wildlife habitat."
warning,B1,"Although the weather warning advised against traveling, I decided to drive anyway because I thought the storm would pass quickly."
waste,B1,I think it is a terrible waste of time and resources to print out all those documents when we could easily share them online.
weapon,B1,"Although some people believe that words can be a powerful weapon in an argument, I think it is better to stay calm and listen instead of trying to hurt someone's feelings."
weigh,B1,"Before deciding which job offer to accept, I need to weigh the salary against the opportunities for career growth."
western,B1,"Although I prefer Asian cuisine, I have to admit that the western diet I tried during my trip was surprisingly rich in flavor."
whatever,B1,"Whatever you decide to do after school, it is important to choose a career that makes you happy."
whenever,B1,"Whenever I have a difficult problem at work, I find that taking a short walk helps me think more clearly."
whether,B1,"I need to decide whether to accept the new job offer, as it pays more but requires longer hours."
wing,B1,"Although I prefer sitting by the window, I chose a seat on the wing of the plane because it offers a better view of the landscape during the flight."
within,B1,"Although the deadline was tight, I felt confident I could finish the report within the given time because I had already prepared most of the data."
wonder,B1,"I wonder if working from home will become more common in the future, since it seems to improve both productivity and work-life balance for many people."
wool,B1,"I prefer wearing wool sweaters in winter because they keep me warm without feeling too heavy, even though they require special care when washing."
worldwide,B1,Many companies are trying to reduce their environmental impact because pollution is a worldwide problem that affects everyone.
worth,B1,"Although the repair cost was high, I think it was worth it because the old clock has great sentimental value."
written,B1,"Although the instructions were clearly written, I still found the application process confusing."
yard,B1,"Although my neighbor's yard is quite small, I think she uses the space creatively by growing vegetables and flowers together."
youth,B1,"Although many people think that youth is a time for carefree fun, I believe it is also a period for learning important life skills and responsibilities."
abandon,B2,The proposal to abandon the traditional manufacturing process was met with considerable resistance from the engineering department.
absolute,B2,"The committee reached an absolute consensus on the matter, although the proposal had been heavily debated prior to the final vote."
acceptable,B2,The proposal was deemed acceptable only after the potential risks had been thoroughly assessed by the review committee.
accompany,B2,The word accompany is commonly used in everyday language.
accurate,B2,The word accurate is commonly used in everyday language.
accuse,B2,The company was formally accused of misleading investors by failing to disclose critical financial data.
acknowledge,B2,The report fails to acknowledge the significant limitations inherent in the methodology employed.
acquire,B2,The company's ability to acquire new clients was significantly enhanced after the marketing strategy was revised.
actual,B2,The actual impact of the policy on economic growth has yet to be determined by the committee.
adapt,B2,The experimental protocol had to be adapted to account for the unforeseen variability in the environmental conditions.
additional,B2,The participants were informed that additional data would be required to complete the longitudinal study.
administration,B2,"The new policy, which was implemented by the administration, has been widely criticized for its lack of transparency."
adopt,B2,The new policy was adopted by the committee after extensive deliberation on its potential economic impact.
advance,B2,The rapid advance of artificial intelligence has been accompanied by growing concerns regarding its ethical implications.
affair,B2,The company's financial affairs were thoroughly investigated by an independent auditor before the merger was approved.
afterwards,B2,"The initial findings were reviewed by the committee, and a revised proposal was submitted afterwards."
agency,B2,"The concept of human agency is often examined in sociological studies, where it is contrasted with the influence of broader structural forces."
agenda,B2,The proposed agenda for the international summit was revised after several key points had been omitted from the initial draft.
aggressive,B2,"The company's aggressive marketing strategy, which was implemented without sufficient market research, has been widely criticized by consumer advocacy groups."
aid,B2,The effectiveness of the new policy was significantly enhanced by the financial aid provided to small businesses during the economic downturn.
aircraft,B2,The aircraft's structural integrity was thoroughly evaluated before it was cleared for commercial operation.
alter,B2,The experimental conditions were carefully controlled to ensure that no external factors could significantly alter the results.
anger,B2,"The pervasive sense of injustice among the workforce was met with barely concealed anger, which ultimately led to the breakdown of negotiations."
blame,B2,"The disproportionate share of the blame for the project's failure was assigned to the junior staff, despite their limited involvement in the strategic decisions."
blind,B2,The results of the clinical trial were analyzed using a double-blind methodology to eliminate potential bias.
bond,B2,The strong bond between the two research teams was established through years of collaborative work on the project.
breast,B2,The correlation between prolonged exposure to certain environmental toxins and the incidence of breast cancer has been extensively documented in epidemiological studies.
brief,B2,"The CEO's brief, though concise, was considered insufficient to address the complexities of the quarterly financial report."
broad,B2,The scope of the investigation was deliberately kept broad to ensure that no relevant variables were excluded from the analysis.
broadcast,B2,The findings of the investigation were broadcast to the international community before the peer-review process had been completed.
budget,B2,The annual budget for research and development was approved by the board only after a detailed review of projected expenditures.
bullet,B2,The bullet's trajectory was carefully analyzed by the forensic team to determine the precise angle of impact.
bunch,B2,A bunch of variables was identified as contributing to the observed discrepancy in the data.
bush,B2,The ecological impact of the invasive species was assessed by examining the rate at which the native bush was being displaced from its natural habitat.
cable,B2,"The damaged underwater cable, which had been responsible for transmitting data between the two continents, was finally repaired after weeks of meticulous work."
calculate,B2,The economic impact of the policy was difficult to calculate without access to the complete dataset.
cancel,B2,The conference was abruptly canceled due to the unforeseen logistical complications that had arisen during the planning phase.
cancer,B2,The correlation between smoking and lung cancer has been firmly established by numerous longitudinal studies.
capable,B2,The company was deemed capable of managing the complex logistics required for the international expansion.
capacity,B2,The capacity of the new facility to accommodate large-scale events has been significantly enhanced by the recent renovations.
capture,B2,The subtle nuances of the artist's emotional state were effectively captured in her final series of paintings.
cast,B2,The final report cast significant doubt on the methodology employed during the initial phase of the research.
cell,B2,The function of each specialized cell within a multicellular organism is determined by the specific genes that are expressed in its nucleus.
chairman,B2,"The proposal, which had been drafted by the finance committee, was formally approved by the chairman after extensive deliberation."
characteristic,B2,A key characteristic of the experimental design was that the variables were carefully controlled to ensure the reliability of the results.
convert,B2,The data must be converted into a standardized format before it can be analyzed by the statistical software.
convinced,B2,"The committee remained convinced that the proposed policy would yield significant long-term benefits, despite the initial opposition from several stakeholders."
core,B2,The core principles of the theory were identified through a rigorous analysis of the experimental data.
corporate,B2,"The company's long-term strategy was heavily influenced by its corporate social responsibility commitments, which were outlined in the annual report."
council,B2,The proposal put forward by the local council was approved only after its financial implications had been thoroughly assessed by an independent committee.
county,B2,The administrative boundaries of the county were redrawn following the latest census data.
courage,B2,"It required considerable courage for the proposal to be presented to the board, given the potential for significant financial loss."
crash,B2,The software's unexpected crash was attributed to a conflict between the newly installed drivers and the operating system's core security protocols.
creation,B2,The creation of a comprehensive policy framework was deemed essential for addressing the complex environmental challenges.
creature,B2,The creature's remarkable ability to adapt to extreme environments has been extensively documented by marine biologists.
crew,B2,"The crew was commended for its efficient response to the emergency, which had been simulated during the routine safety drill."
crisis,B2,"The economic crisis, which had been anticipated by several analysts, was eventually mitigated through a series of coordinated international policies."
criterion,B2,"The primary criterion for evaluating the research proposals was the originality of the methodology, which had been clearly outlined in the application."
critic,B2,"The film's most prominent critic argued that its narrative structure, while innovative, was ultimately undermined by a lack of coherent character development."
critical,B2,The role of renewable energy in reducing carbon emissions is widely regarded as critical for achieving long-term climate goals.
criticism,B2,The constructive criticism provided by the external reviewer was carefully considered before the final draft was submitted.
criticize,B2,The proposed policy was criticized by several economists for failing to address long-term inflationary pressures.
crop,B2,"The crop yield was significantly reduced by the unexpected frost, which had not been forecast by the meteorological service."
crucial,B2,The role of adequate funding in the success of the project was deemed crucial by the review committee.
cure,B2,The effectiveness of the proposed cure was thoroughly evaluated in a double-blind clinical trial.
curve,B2,The learning curve associated with mastering a second language is often steeper for adults than for children.
curved,B2,The trajectory of the projectile was observed to be curved as it passed through the varying atmospheric densities.
debate,B2,The ethical implications of artificial intelligence have been the subject of intense academic debate among leading philosophers and technologists.
debt,B2,"The national debt, which has accumulated over several decades, is expected to be addressed through a combination of fiscal reforms and spending cuts."
decent,B2,The proposal was considered decent enough to warrant further investigation by the committee.
declare,B2,The committee formally declared that the proposed merger would be subject to further regulatory review.
decline,B2,The company's rapid decline in market share was attributed to its failure to adapt to emerging digital trends.
decoration,B2,The interior decoration of the conference room was carefully designed to reflect the company's commitment to minimalist aesthetics.
decrease,B2,A significant decrease in carbon emissions has been observed since the implementation of the new environmental regulations.
deeply,B2,The correlation between early childhood education and long-term academic success has been deeply investigated by numerous longitudinal studies.
defeat,B2,The proposed legislation was ultimately defeated after a prolonged debate in the upper chamber.
defence,B2,The effectiveness of the proposed defence strategy was undermined by a lack of reliable intelligence.
defend,B2,The theory was rigorously defended by the researcher against numerous criticisms during the academic conference.
delay,B2,The implementation of the new policy was delayed due to unforeseen budgetary constraints.
deliberate,B2,"The committee's decision to delay the project was deliberate, as it was believed that further analysis would mitigate potential risks."
deliberately,B2,"The policy was deliberately designed to minimize long-term environmental impact, as outlined in the strategic review."
delight,B2,The architectural design of the new museum was met with widespread delight by the international critics.
delighted,B2,The research team was delighted to discover that the experimental results had been replicated under varying laboratory conditions.
delivery,B2,The timely delivery of the project was ensured by the implementation of a rigorous quality assurance protocol.
demand,B2,The growing demand for renewable energy has been driven primarily by international climate agreements and technological advancements.
demonstrate,B2,The correlation between increased funding and improved student outcomes was clearly demonstrated in the longitudinal study.
deny,B2,"The company's financial report was carefully scrutinized, yet the CEO continued to deny any involvement in the accounting irregularities."
depressed,B2,The patient's mood was clinically assessed as severely depressed following the onset of the chronic illness.
depressing,B2,"The long-term economic forecast, when adjusted for inflation, was described by the analysts as particularly depressing."
depth,B2,The depth of the analysis was determined by the extent to which the underlying assumptions had been critically examined.
deserve,B2,The proposal deserves further consideration before any final decision is made.
desire,B2,The desire for economic stability is often cited as a primary motivator for individuals pursuing advanced qualifications.
desperate,B2,The company's desperate need for liquidity was addressed by securing a short-term loan from an international consortium.
detailed,B2,The architect's proposal included a detailed breakdown of the structural modifications that were required to meet the updated safety regulations.
detect,B2,The presence of trace elements in the water sample was detected using advanced spectroscopic techniques.
dig,B2,The archaeological team was instructed to dig carefully around the ancient foundations so that the fragile artifacts buried beneath could be preserved.
disc,B2,"The data was stored on a magnetic disc, which was then analysed for patterns of user behaviour."
discipline,B2,The concept of academic discipline is often reinforced by the consistent application of structured study routines.
dishonest,B2,The candidate was deemed dishonest after it was discovered that he had falsified the data in his research report.
dismiss,B2,The committee's recommendation to dismiss the proposal was based on a thorough analysis of its projected costs.
display,B2,The results of the clinical trial clearly display a significant correlation between the new treatment and improved patient outcomes.
distribute,B2,The findings from the longitudinal study were distributed among the participating institutions for peer review.
distribution,B2,The uneven distribution of resources across the region was identified as a primary factor contributing to the economic disparity.
district,B2,The district's economic development plan was approved by the council after extensive consultation with local stakeholders.
division,B2,The sharp division between the two political factions was attributed to irreconcilable differences in economic policy.
domestic,B2,The impact of rising energy prices on domestic consumption was thoroughly analysed in the latest economic report.
dominate,B2,The company's marketing strategy is designed to dominate the emerging market for sustainable packaging solutions.
downwards,B2,The trajectory of the projectile was observed to curve downwards as it lost kinetic energy.
dozen,B2,"The precise number of participants required for the study was estimated at a dozen, though only half that many were ultimately recruited."
draft,B2,The initial draft of the proposal was rejected by the committee before it could be submitted for final approval.
drag,B2,The implementation of the new software was delayed due to the administrative drag caused by outdated approval procedures.
dramatic,B2,"The correlation between the two variables was found to be statistically significant, yet the observed effect was far less dramatic than initially hypothesized."
edit,B2,The manuscript was carefully edited to ensure that all statistical data were presented in accordance with the journal's formatting guidelines.
edition,B2,"The revised edition of the textbook, which includes updated case studies, has been adopted by several universities."
efficient,B2,"The new manufacturing process, which was implemented last quarter, has proven to be far more efficient than the previous system in terms of both energy consumption and waste reduction."
elderly,B2,The needs of the elderly are often overlooked when urban infrastructure is designed without adequate consultation with geriatric specialists.
elect,B2,The committee will elect a new chairperson once the current term has concluded.
elsewhere,B2,The findings from this study are consistent with data collected elsewhere in the region.
emerge,B2,The correlation between economic instability and social unrest did not emerge until longitudinal data had been thoroughly analyzed.
emotional,B2,The emotional impact of the documentary was carefully measured by the researchers through a series of post-screening surveys.
emphasis,B2,"The report placed particular emphasis on the correlation between socioeconomic factors and educational outcomes, which had been largely overlooked in previous studies."
emphasize,B2,The importance of implementing sustainable practices was emphasized by the committee in its final report.
enable,B2,The new software was designed to enable more efficient data analysis across the department.
encounter,B2,"During the clinical trial, participants were asked to report any adverse effects they might encounter following the administration of the experimental drug."
engage,B2,The committee was encouraged to engage with the complex ethical implications of the proposed policy before reaching a final decision.
enhance,B2,The company's reputation was significantly enhanced by the implementation of its new sustainability policy.
enquiry,B2,The results of the preliminary enquiry were deemed insufficient to justify a full-scale investigation.
ensure,B2,"To ensure the accuracy of the financial report, all discrepancies were thoroughly investigated by the audit team."
enthusiasm,B2,The initial enthusiasm for the project was gradually tempered by the logistical challenges that emerged during its implementation.
enthusiastic,B2,The researcher's enthusiastic endorsement of the methodology was widely cited in subsequent academic publications.
entire,B2,The entire dataset was subjected to rigorous statistical analysis before any conclusions could be drawn.
entirely,B2,"The success of the project was not entirely dependent on the initial funding, as additional resources were secured from private investors."
establish,B2,"The company's reputation was established through a rigorous commitment to ethical practices, which its competitors often failed to match."
estate,B2,"The estate, which had been carefully managed by the same family for generations, was eventually sold to a development corporation."
estimate,B2,"The economic impact of the new policy was difficult to estimate, given the number of variables that had yet to be quantified."
ethical,B2,The company's decision to source materials from conflict-free zones was widely regarded as an ethical practice that prioritized human rights over profit margins.
evaluate,B2,The effectiveness of the new policy will be evaluated by an independent committee before any further recommendations are made.
evil,B2,"The concept of evil is often examined in moral philosophy as a force that opposes the good, though its definition remains highly contested among scholars."
examination,B2,A thorough examination of the data was conducted before any conclusions could be drawn.
excuse,B2,The validity of the research findings cannot be used as an excuse for the methodological flaws that were identified during the peer review.
executive,B2,"The executive summary, which was prepared by the senior management team, highlighted the key financial risks associated with the proposed merger."
existence,B2,The very existence of dark matter was first postulated to account for discrepancies in galactic rotation curves.
expectation,B2,The initial expectation that the results would remain consistent across all demographic groups was contradicted by the subsequent data analysis.
expense,B2,The long-term expense of maintaining outdated infrastructure was not adequately considered during the initial planning phase.
exploration,B2,The initial exploration of the data was conducted without any predetermined assumptions about the underlying patterns.
expose,B2,The documentary aimed to expose the systemic corruption that had been concealed by corporate executives for decades.
extend,B2,The deadline for the submission of the final report was extended by two weeks to allow for a more thorough analysis of the data.
extent,B2,The extent to which the findings can be generalized to other populations has not yet been fully determined.
external,B2,The validity of the research findings was compromised by several external variables that could not be adequately controlled.
extraordinary,B2,The extraordinary resilience of the ecosystem was attributed to its remarkable biodiversity.
facility,B2,"The new research facility, which was designed to accommodate over two hundred scientists, has been equipped with state-of-the-art laboratory equipment."
failure,B2,The project's failure to meet its initial objectives was attributed to a lack of adequate funding and insufficient stakeholder engagement.
faith,B2,The company's long-term success is attributed to the unwavering faith its stakeholders have placed in its strategic vision.
fault,B2,The structural fault in the bridge was attributed to inadequate maintenance during the initial construction phase.
feather,B2,The structural integrity of the feather was significantly compromised by prolonged exposure to the chemical solvent.
fee,B2,"The annual membership fee, which is non-refundable, must be paid before the application can be processed."
feedback,B2,The constructive feedback provided by the external reviewers was incorporated into the final draft of the research proposal.
fellow,B2,The findings of the study were presented by my fellow researcher at the international conference.
finance,B2,The company's long-term growth strategy was heavily dependent on securing additional finance from international investors.
finding,B2,"The principal finding of the longitudinal study, which was conducted over a decade, has been widely cited in subsequent academic literature."
firm,B2,The company's financial projections were based on a firm assumption that market conditions would remain stable throughout the fiscal year.
flame,B2,The precise composition of the ancient pigment was determined only after the ceramic shard had been subjected to intense flame in a controlled laboratory analysis.
flash,B2,"The initial data flash was attributed to a transient sensor malfunction, which was later corrected by recalibrating the system."
flexible,B2,"The company's remote work policy was designed to be flexible, allowing employees to adjust their schedules according to personal commitments."
float,B2,The proposal to float the new currency was carefully considered by the central bank before its implementation.
folding,B2,The structural integrity of the bridge was compromised by the unexpected folding of its support beams under the extreme load.
forgive,B2,The committee decided to forgive the contractor's delay only after it was determined that external factors had been the primary cause.
former,B2,The former director of the institute was appointed to an advisory role following the controversial merger.
fortune,B2,The company's fortune was dramatically reversed following the implementation of a comprehensive restructuring plan.
found,B2,The correlation between sleep duration and cognitive performance was found to be statistically significant in the longitudinal study.
freedom,B2,The concept of academic freedom is often defended as essential for the advancement of knowledge within higher education institutions.
frequency,B2,The frequency with which data is collected has been shown to significantly influence the reliability of the statistical analysis.
fully,B2,The extent to which the proposed reforms will be implemented has not yet been fully determined by the committee.
fund,B2,"The research project, which was expected to span three years, could not proceed because the necessary government fund had been unexpectedly withdrawn."
fundamental,B2,A fundamental understanding of economic principles is required before the more complex theories can be examined.
funding,B2,The allocation of additional funding for renewable energy research was approved by the committee after extensive debate.
furthermore,B2,"Furthermore, the correlation between economic growth and environmental degradation has been extensively documented in recent longitudinal studies."
gain,B2,The company's strategic investment in renewable energy allowed it to gain a significant competitive advantage over its rivals.
gang,B2,"The rise in youth-related crime has been attributed to the influence of a local gang, whose activities were meticulously documented by law enforcement."
generate,B2,"The new policy is expected to generate significant debate among economists, as its long-term effects on market stability remain uncertain."
genre,B2,"The literary genre of magical realism, which blends fantastical elements with realistic settings, is often associated with Latin American authors."
govern,B2,The principles that govern international trade agreements are often shaped by geopolitical considerations.
grab,B2,The researcher managed to grab the audience's attention by presenting a novel interpretation of the data.
gradually,B2,The economic recovery was gradually achieved through the implementation of carefully targeted fiscal policies.
grand,B2,The architect's grand vision for the urban renewal project was ultimately compromised by budgetary constraints.
grant,B2,The research team was awarded a substantial grant to investigate the long-term effects of climate change on coastal ecosystems.
guarantee,B2,The manufacturer's guarantee is considered void if the product has been tampered with by unauthorized personnel.
handle,B2,The complex logistical challenges were effectively handled by the newly appointed project manager.
harm,B2,The potential for long-term psychological harm was minimized by implementing strict ethical protocols before the study commenced.
harmful,B2,"The long-term effects of exposure to such chemicals, which are often used in industrial agriculture, have been shown to be particularly harmful to aquatic ecosystems."
hearing,B2,The preliminary hearing was adjourned to allow the defense additional time to review the newly submitted evidence.
heaven,B2,"The concept of heaven has been extensively debated in theological discourse, with its existence often being questioned by modern philosophers."
heel,B2,The damaged heel of the boot was carefully repaired before the expedition could proceed.
hell,B2,The concept of hell has been extensively debated within theological circles as a metaphor for existential separation from the divine.
hesitate,B2,The committee did not hesitate to approve the revised proposal after the potential risks had been thoroughly assessed.
hollow,B2,"The argument that the proposed policy would lead to significant economic growth was dismissed as hollow, given its reliance on unsubstantiated assumptions."
holy,B2,The sanctity of the site was preserved by a holy covenant that had been established centuries earlier.
honour,B2,The candidate was selected to receive the honour in recognition of her outstanding contributions to the field of biomedical research.
household,B2,"The household's energy consumption was significantly reduced after the installation of solar panels, which were subsidized by the government."
housing,B2,The provision of affordable housing has been identified as a critical factor in reducing socioeconomic inequality.
humorous,B2,"The speaker's anecdote, though intended to be humorous, was deemed inappropriate for the formal context of the conference."
humour,B2,"The role of humour in diplomatic negotiations is often underestimated, as it can be employed to defuse tension without undermining the seriousness of the discussion."
hunting,B2,The impact of illegal hunting on endangered species has been extensively documented in ecological research.
illustrate,B2,The researcher's findings clearly illustrate the complex relationship between economic inequality and social mobility.
illustration,B2,The professor's lecture provided a clear illustration of how economic theories can be applied to real-world policy decisions.
imagination,B2,"The role of imagination in scientific discovery is often underestimated, as it enables researchers to formulate hypotheses that transcend existing empirical data."
impatient,B2,The committee grew increasingly impatient with the delays caused by the incomplete data analysis.
imply,B2,"The correlation between the variables does not necessarily imply a causal relationship, as other confounding factors may be involved."
impose,B2,The new regulations were designed to impose stricter environmental standards on industrial manufacturers.
impress,B2,The candidate's ability to articulate complex ideas during the interview was sufficient to impress the selection committee.
impressed,B2,The committee was deeply impressed by the clarity and rigor of the methodology presented in the final report.
inch,B2,The precise measurement of the component was verified to within a single inch before the assembly was approved.
incident,B2,The incident was thoroughly investigated by the committee before any conclusions were drawn.
income,B2,"A significant portion of the national budget is allocated to social welfare programs, which are designed to support households with a low income."
increasingly,B2,The correlation between rising global temperatures and the frequency of extreme weather events is increasingly acknowledged by the scientific community.
industrial,B2,"The decline in manufacturing output has been attributed to outdated industrial infrastructure, which was not modernized during the previous decade."
infection,B2,"The patient's recovery was significantly delayed because the bacterial infection, which had initially been confined to the wound, spread to the surrounding tissue."
inform,B2,The committee's final decision was heavily informed by the longitudinal data collected over the previous decade.
initial,B2,The initial findings of the longitudinal study were later refined after additional data had been collected.
initially,B2,"The initial findings were initially dismissed by the committee, but later corroborated by independent peer review."
initiative,B2,"The initiative, which was launched to address regional disparities in educational funding, has been widely praised for its innovative approach."
inner,B2,The subject's inner conflict was resolved only after the underlying assumptions had been thoroughly examined.
insight,B2,The study provided valuable insight into the mechanisms by which early childhood experiences influence long-term cognitive development.
insist,B2,The committee insisted that the methodology be revised to ensure greater objectivity in the final analysis.
inspire,B2,"The architect's design was inspired by the natural contours of the landscape, which allowed the building to blend seamlessly with its surroundings."
install,B2,"The software must be installed before any data can be processed, as the system requires a stable environment to function correctly."
instance,B2,"In this particular instance, the discrepancy in the data was attributed to a calibration error rather than a flaw in the experimental design."
institute,B2,The research institute was established to investigate the long-term effects of climate change on coastal ecosystems.
institution,B2,The role of the institution in shaping public policy has been widely acknowledged by scholars in the field.
insurance,B2,The claim was denied by the insurance company because the damage had not been reported within the stipulated timeframe.
intended,B2,"The intended outcome of the policy was not achieved, as the necessary funding had been withdrawn prior to its implementation."
intense,B2,The researcher noted that the patient's reaction to the treatment was far more intense than had been anticipated in the initial clinical trials.
internal,B2,The company's internal audit revealed that several financial discrepancies had been overlooked by the accounting department.
interpret,B2,The results of the clinical trial must be interpreted with caution due to the relatively small sample size.
interrupt,B2,"The longitudinal study was interrupted by an unforeseen funding shortfall, which necessitated a complete revision of the research timeline."
investigation,B2,The investigation into the long-term effects of the new policy was conducted by an independent research institute.
investment,B2,The long-term value of the initial investment was carefully assessed before the project was approved.
joy,B2,The profound joy derived from scientific discovery is often sustained by the collaborative efforts of an entire research team.
judgement,B2,The validity of the initial judgement was called into question once the new evidence had been thoroughly examined.
junior,B2,The junior researcher was assigned to the project after her proposal had been reviewed by the senior committee.
justice,B2,"The pursuit of social justice, which is often hindered by systemic inequalities, requires a comprehensive reevaluation of existing legal frameworks."
justify,B2,The word justify is commonly used in everyday language.
labour,B2,"The economic benefits of globalisation have not been evenly distributed, as the majority of the labour required for manufacturing is still concentrated in developing nations."
landscape,B2,The economic landscape of the region has been profoundly altered by the rapid expansion of the technology sector.
largely,B2,The success of the project was largely attributed to the collaborative efforts of the research team.
launch,B2,The new environmental policy will be officially launched once the regulatory framework has been approved by the committee.
leadership,B2,Effective leadership is often characterized by the ability to inspire collective action toward a clearly defined strategic goal.
league,B2,The company's financial performance was considered to be in a completely different league from that of its main competitors.
lean,B2,The company's new strategy is designed to lean heavily on data-driven decision-making to optimize operational efficiency.
licence,B2,The licence to operate the facility was revoked after repeated safety violations were documented by the regulatory authority.
limited,B2,The scope of the study was limited by the availability of reliable historical data.
lively,B2,The debate remained lively despite the introduction of several counterarguments by the opposing panel.
load,B2,The cognitive load imposed by multitasking was found to significantly impair decision-making efficiency.
loan,B2,"The loan, which was approved after a thorough review of the applicant's financial history, will be disbursed in quarterly installments."
logical,B2,The logical progression of the argument was undermined by a single unverified assumption in the initial premise.
long-term,B2,The long-term effects of the proposed policy have not yet been fully evaluated by the committee.
loose,B2,The connection between the two variables was considered too loose to support a definitive causal conclusion.
lord,B2,The feudal system was structured so that the land was granted by the lord to his vassals in exchange for military service.
lower,B2,The likelihood of economic recession is significantly lower when monetary policy is carefully calibrated to control inflation.
lung,B2,The impact of prolonged exposure to airborne pollutants on lung tissue has been extensively documented in recent epidemiological studies.
maintain,B2,The company's competitive advantage can be maintained only if its research and development division continues to innovate.
majority,B2,The vast majority of respondents indicated that the proposed policy reforms were insufficiently ambitious.
mass,B2,The mass of the sample was determined using a precision balance before the experiment commenced.
massive,B2,"The company's financial losses were described as massive, although the exact figures have not yet been disclosed to the public."
master,B2,The concept of a master narrative was critically examined in the context of postcolonial theory.
matching,B2,The accuracy of the data analysis was contingent upon the precise matching of the survey responses with the corresponding demographic profiles.
maximum,B2,The maximum allowable concentration of the pollutant was established after extensive environmental impact assessments had been conducted.
means,B2,The effectiveness of the new policy was evaluated by means of a comprehensive cost-benefit analysis.
measurement,B2,The accuracy of the measurement was found to depend heavily on the calibration of the equipment used during the experiment.
melt,B2,"The economic sanctions were designed to melt the regime's financial reserves, thereby crippling its capacity to sustain prolonged military operations."
military,B2,The military's strategic objectives were achieved through the coordinated deployment of both ground and naval forces.
mineral,B2,The geological composition of the region was determined by analyzing the mineral deposits extracted from several core samples.
minimum,B2,The minimum number of participants required for the study to yield statistically significant results was set at fifty.
minister,B2,The minister was widely criticized for the manner in which the policy had been implemented without prior parliamentary consultation.
minor,B2,The role of the enzyme in the metabolic pathway was considered minor until its inhibition was linked to a significant accumulation of toxic byproducts.
minority,B2,The word minority is commonly used in everyday language.
mission,B2,The success of the diplomatic mission was largely attributed to the meticulous planning that had been undertaken by the negotiating team.
mixed,B2,"The results of the longitudinal study revealed a mixed response to the intervention, which was attributed to variations in the participants' socioeconomic backgrounds."
modify,B2,The word modify is commonly used in everyday language.
monitor,B2,The effectiveness of the new policy was continuously monitored by the committee to ensure compliance with regulatory standards.
moral,B2,"The ethical implications of the decision were debated, as the moral responsibility for the outcome could not be easily assigned to any single individual."
motor,B2,The defective motor was replaced by the engineering team before the system could be restarted.
mount,B2,The pressure to mount a comprehensive response to the crisis has been steadily increasing among the member states.
multiple,B2,"The study's findings were derived from multiple data sets, which were analyzed using a variety of statistical methods."
multiply,B2,The rate at which bacteria multiply in a nutrient-rich environment can be significantly reduced by the application of a suitable antibiotic.
mysterious,B2,The cause of the discrepancy in the data was attributed to a mysterious error that had not been detected during the initial analysis.
neat,B2,"The data was organized into neat, clearly labeled categories to facilitate subsequent analysis."
nerve,B2,The patient's damaged nerve was successfully repaired using a microsurgical technique that had been refined over several years of clinical trials.
nevertheless,B2,"The initial findings were inconclusive; nevertheless, the correlation between the variables was deemed statistically significant after further analysis."
nightmare,B2,"The logistical coordination of the international conference was described by the organisers as a nightmare, given the unforeseen travel restrictions that were imposed."
notion,B2,The notion that economic growth can be achieved without environmental degradation has been increasingly challenged by recent scientific data.
numerous,B2,"The researcher encountered numerous methodological challenges, which were meticulously documented in the final report."
obey,B2,The company's strict data protection protocols must be obeyed by all employees to ensure compliance with international regulations.
objective,B2,The primary objective of the study was to determine whether the new methodology could be reliably replicated under varying conditions.
obligation,B2,The contractual obligation to provide quarterly financial reports was fulfilled by the accounting department ahead of the regulatory deadline.
observation,B2,The initial observation that the compound degraded more rapidly under ultraviolet light was later confirmed by repeated laboratory tests.
observe,B2,The correlation between the two variables was observed to diminish significantly after the introduction of the control measure.
obtain,B2,The necessary data can be obtained from the laboratory's online repository once the user has been granted access.
occasionally,B2,"Occasionally, discrepancies in the data are identified during the peer-review process and must be addressed before publication."
offence,B2,The severity of the offence was determined by the court after all mitigating circumstances had been taken into account.
offend,B2,The committee concluded that certain remarks in the report were likely to offend a significant portion of the readership.
offensive,B2,The politician's remarks were widely considered offensive due to their blatant disregard for the cultural sensitivities of the community.
opening,B2,The opening of the new research facility was widely regarded as a significant milestone for the university's engineering department.
operate,B2,The new software system is designed to operate efficiently even when large volumes of data are being processed simultaneously.
opponent,B2,The opponent's argument was systematically dismantled by the legal team during the cross-examination.
oppose,B2,The proposal to restructure the committee was strongly opposed by several senior members during the debate.
opposed,B2,The proposed policy was strongly opposed by a coalition of environmental groups on the grounds that it failed to address long-term sustainability.
opposition,B2,"The proposal to restructure the committee faced considerable opposition from senior members, who argued that it had been drafted without sufficient consultation."
organ,B2,The organ responsible for filtering metabolic waste from the bloodstream is known to be highly susceptible to damage when exposed to prolonged dehydration.
origin,B2,The precise origin of the linguistic anomaly has yet to be determined by the research team.
otherwise,B2,"The experimental results were considered reliable; otherwise, the entire dataset would have been discarded as invalid."
outcome,B2,The final outcome of the negotiations was determined by the parties' willingness to compromise on key issues.
outer,B2,The outer layers of the atmosphere are known to be significantly influenced by solar radiation.
outline,B2,The key arguments of the proposal were outlined in the executive summary before the detailed analysis was presented.
overall,B2,The overall effectiveness of the proposed policy has been evaluated by analyzing its long-term economic impact.
owe,B2,The company's current success is largely owed to the strategic investments made during the previous fiscal year.
pace,B2,"The pace of technological innovation, which has accelerated dramatically over the past decade, is now considered a primary driver of global economic restructuring."
panel,B2,The findings of the study were reviewed by an independent panel of experts before being submitted for publication.
parliament,B2,"The new legislation, which had been debated for several months, was finally approved by parliament after a series of amendments were introduced."
participant,B2,Each participant was required to submit a signed consent form before the study commenced.
partly,B2,The decline in biodiversity can be partly attributed to the widespread loss of natural habitats caused by urban expansion.
passage,B2,The passage of the new legislation was delayed by procedural disputes that had not been anticipated by the committee.
permanent,B2,"The long-term effects of the chemical spill on the local ecosystem are not yet fully understood, but preliminary data suggest that some damage may be permanent."
permit,B2,The new regulations do not permit the disclosure of confidential patient data without explicit written consent.
perspective,B2,"From an economic perspective, the proposed policy was considered unsustainable due to its long-term fiscal implications."
phase,B2,"The initial phase of the project, which focused on data collection, was completed ahead of schedule."
phenomenon,B2,The phenomenon of linguistic convergence has been extensively documented in multilingual urban centers.
philosophy,B2,"The company's management philosophy, which emphasizes sustainable growth over short-term profit, has been widely adopted by its competitors."
pile,B2,"The pile of unprocessed data, which had accumulated over several months, was finally analyzed using a newly developed algorithm."
pitch,B2,"The pitch of the argument was carefully adjusted to resonate with the academic audience, although its underlying assumptions had not been fully validated."
plain,B2,The results of the analysis were presented in plain language to ensure that the findings could be understood by a non-specialist audience.
pointed,B2,The discrepancies in the data were pointed out during the peer review process.
popularity,B2,The decline in the popularity of traditional print media has been attributed to the widespread availability of digital news platforms.
pose,B2,The question of how to balance economic growth with environmental sustainability continues to pose a significant challenge for policymakers worldwide.
possess,B2,The company must possess a comprehensive understanding of international trade regulations before expanding its operations overseas.
potential,B2,The potential of renewable energy sources to mitigate climate change has been widely acknowledged by environmental scientists.
praise,B2,The CEO’s decision to restructure the company was met with widespread praise from industry analysts.
pregnant,B2,The implications of the policy were not fully understood until the data was analyzed with pregnant significance for future urban planning.
preparation,B2,The thorough preparation of the financial report was completed prior to the quarterly audit.
presence,B2,The presence of heavy metals in the water supply was detected only after routine testing had been suspended.
preserve,B2,The integrity of the original manuscript was carefully preserved through the use of climate-controlled storage conditions.
prime,B2,"The candidate's primary objective was to prime the participants for the subsequent task, which required complex problem-solving skills."
principle,B2,The principle of informed consent is regarded as fundamental to ethical medical research.
priority,B2,The allocation of resources was determined by the strategic priority assigned to each department's long-term objectives.
privacy,B2,The right to individual privacy is often compromised by the extensive data collection practices employed by modern technology companies.
procedure,B2,"The procedure for calibrating the laboratory equipment, which must be followed precisely, was outlined in the technical manual."
proof,B2,The validity of the theory was established only after substantial proof had been gathered from multiple independent studies.
proposal,B2,"The proposal, which had been meticulously drafted by the research team, was ultimately rejected due to its insufficient consideration of long-term environmental impacts."
propose,B2,"The committee will propose a revised framework for data governance, which is expected to be implemented by the end of the fiscal year."
prospect,B2,The prospect of implementing the new policy was thoroughly evaluated by the committee before any final decision was reached.
protection,B2,The provision of adequate protection for intellectual property rights is considered essential for fostering innovation in the technology sector.
psychologist,B2,The role of the psychologist in assessing cognitive development has been increasingly recognised within educational frameworks.
psychology,B2,The findings of cognitive psychology have been applied to improve educational methodologies in recent decades.
publication,B2,The findings of the longitudinal study were submitted for publication in a peer-reviewed journal after the data had been thoroughly analyzed.
pupil,B2,The pupil's progress in mastering complex algebraic concepts was closely monitored by the teaching staff throughout the academic term.
purchase,B2,The company's decision to purchase the smaller competitor was driven by a strategic need to expand its market share.
pure,B2,"The validity of the findings was compromised because the sample was not composed of pure crystalline material, as required by the protocol."
pursue,B2,"After completing her undergraduate degree, she decided to pursue a career in environmental law, which required extensive postgraduate study."
rank,B2,"The candidate's performance was ranked highly by the selection committee, although the criteria used for evaluation were not disclosed."
rapid,B2,The rapid expansion of the urban population has been attributed to the increased availability of employment opportunities in metropolitan areas.
rapidly,B2,The rate of technological obsolescence has increased so rapidly that many devices become outdated within a single fiscal quarter.
raw,B2,"The raw data, which had been collected over several months, was subjected to rigorous statistical analysis before any conclusions could be drawn."
realistic,B2,A realistic assessment of the project's timeline must be established before any resources are allocated.
reasonable,B2,A reasonable interpretation of the data can be reached only after all variables have been controlled for in the analysis.
recall,B2,The participants were asked to recall the sequence of events as accurately as possible during the follow-up interview.
recover,B2,The patient's cognitive functions were expected to recover fully following the completion of the intensive rehabilitation program.
reduction,B2,The significant reduction in carbon emissions was attributed to the implementation of stricter environmental regulations.
regard,B2,The company's decision to restructure was made with regard to the long-term sustainability of its operations.
regional,B2,The economic impact of the new policy was assessed primarily through an analysis of regional employment data.
register,B2,The precise register of the report was carefully adjusted to ensure its findings would be accepted by the academic committee.
regret,B2,"The decision to withdraw from the negotiations was later regretted by the committee, as it undermined months of diplomatic progress."
regulation,B2,"The new environmental regulation, which was introduced to reduce industrial emissions, has been strictly enforced by the authorities."
relatively,B2,"The findings were considered relatively robust, given that the sample size was limited by practical constraints."
relevant,B2,"The relevance of the data was questioned, as it was not considered relevant to the core research objectives."
relief,B2,"The implementation of the new policy provided considerable relief to the affected communities, as the administrative burden was significantly reduced."
rely,B2,"The success of the clinical trial was contingent upon the accuracy of the data, on which the researchers could reliably rely."
remark,B2,"The professor's opening remark, which addressed the ethical implications of artificial intelligence, was met with considerable debate among the attendees."
representative,B2,The data set was considered representative of the broader population only after the inclusion of several previously omitted demographic subgroups.
reputation,B2,The company's reputation for ethical sourcing was severely damaged by the allegations that had been circulating in the media.
requirement,B2,"The initial requirement for the grant application, which had to be submitted by the end of the fiscal quarter, was a detailed breakdown of projected expenditures."
rescue,B2,The financial institution was rescued from imminent collapse by a government-backed bailout package.
reserve,B2,A significant portion of the budget has been set aside to reserve funds for future research initiatives.
resident,B2,"The new policy, which was designed to address overcrowding, applies only to residents who have been officially registered for more than five years."
resist,B2,"The proposed reforms were met with considerable resistance, as many stakeholders continued to resist any changes to the established regulatory framework."
resolve,B2,The committee's primary objective was to resolve the longstanding dispute through diplomatic negotiation.
resort,B2,The company was forced to resort to legal action after all attempts at negotiation had failed.
retain,B2,The company's ability to retain its most experienced employees has been significantly enhanced by the introduction of a comprehensive professional development programme.
reveal,B2,The results of the longitudinal study reveal a significant correlation between early childhood education and long-term academic achievement.
revolution,B2,The industrial revolution is widely regarded as having fundamentally transformed economic structures and social relations across Europe.
reward,B2,The long-term reward of implementing such policies is often underestimated by those focused solely on short-term gains.
rhythm,B2,The biological rhythm of the human sleep-wake cycle is regulated by the suprachiasmatic nucleus in response to light exposure.
rid,B2,The organization struggled to rid itself of the inefficiencies that had been identified during the internal audit.
root,B2,The underlying cause of the economic crisis can be rooted in the deregulation of the financial sector.
rub,B2,The precise calibration of the instrument was compromised when a slight rub occurred between the moving parts during the experiment.
rubber,B2,The elasticity of the rubber compound was measured under varying temperatures to assess its suitability for industrial seals.
rural,B2,The decline in rural employment opportunities has been attributed to the mechanisation of agricultural practices and the centralisation of service industries.
rush,B2,The initial analysis was conducted without undue rush to ensure the accuracy of the findings.
satellite,B2,The satellite's orbital path was meticulously calculated to ensure uninterrupted global communication coverage.
satisfied,B2,"The committee was not entirely satisfied with the methodology employed in the longitudinal study, as several variables had been inadequately controlled."
satisfy,B2,The word satisfy is commonly used in everyday language.
saving,B2,The long-term economic benefits of energy-saving technologies have been widely acknowledged by policymakers.
scale,B2,"The economic impact of the policy was assessed on a global scale, although its implementation varied significantly across different regions."
scheme,B2,The proposed classification scheme was rigorously evaluated by the committee before its implementation.
scream,B2,"The silence of the library was abruptly broken by a piercing scream, which was later attributed to a student who had discovered a rare manuscript had been defaced."
sector,B2,"The economic recovery has been largely driven by the manufacturing sector, which was significantly expanded through government investment."
secure,B2,The company's financial records were secured in a fireproof vault to which only senior management had access.
seek,B2,The committee will seek approval from the board before the proposed policy is implemented.
select,B2,The most relevant data points were carefully selected for inclusion in the final analysis.
selection,B2,The selection of candidates for the management training program was based on a rigorous assessment of their leadership potential and problem-solving skills.
self,B2,The concept of the self is often examined in psychology through the lens of both conscious and unconscious processes.
senior,B2,The senior management team was consulted before the final decision regarding the restructuring was announced.
sensitive,B2,"The equipment's performance was found to be highly sensitive to fluctuations in ambient temperature, which necessitated recalibration."
sequence,B2,The precise sequence of chemical reactions was determined by analyzing the metabolic pathways under controlled laboratory conditions.
session,B2,"The effectiveness of the new therapeutic approach was evaluated during a single intensive session, which was designed to minimize participant fatigue."
settle,B2,"The dispute was finally settled by arbitration, as both parties agreed to abide by the ruling."
severe,B2,"The economic downturn was exacerbated by severe supply chain disruptions, which were attributed to global trade restrictions."
shade,B2,The precise shade of meaning attributed to the term was debated extensively by the committee before the final draft was approved.
shadow,B2,"The economic downturn cast a long shadow over the region's employment prospects, which were already constrained by structural changes in the manufacturing sector."
shallow,B2,"The analysis was criticized for its shallow interpretation of the data, which failed to account for the underlying socioeconomic variables."
shame,B2,The profound sense of shame that accompanies a public failure is often internalized more deeply than any external criticism.
shelter,B2,The emergency shelter was designed to accommodate displaced populations until long-term housing solutions could be implemented.
shock,B2,The initial shock of the diagnosis was gradually mitigated by the comprehensive support provided by the medical team.
shocked,B2,"The community was shocked by the findings of the environmental impact assessment, which had been previously overlooked."
shooting,B2,The accuracy of the forensic reconstruction was compromised by the inconsistent lighting conditions reported during the shooting.
shot,B2,"The vaccine was administered via a single intramuscular shot, which was followed by a two-week observation period."
significant,B2,The correlation between the two variables was found to be statistically significant after the data had been adjusted for confounding factors.
significantly,B2,The correlation between the two variables was found to be significantly stronger after the data had been normalized.
silence,B2,The prolonged silence during the negotiation was interpreted as a tacit acknowledgment of the proposal's inherent flaws.
silk,B2,"The economic significance of silk, which has been traded along ancient routes for centuries, is often underestimated in modern discussions of global textile markets."
sincere,B2,"Her apology was considered sincere by the committee, although it was delivered after considerable delay."
slave,B2,"The role of the central processing unit is often described as that of a slave to the clock signal, as its operations are strictly synchronized by the timing pulses it receives."
slide,B2,"The company's market share began to slide after the new regulations were introduced, which significantly altered consumer behavior."
slight,B2,"A slight discrepancy in the data was identified during the initial analysis, which necessitated a review of the methodology."
slip,B2,"The discrepancy in the quarterly report was attributed to a minor slip in data entry, which had gone unnoticed during the initial review."
slope,B2,The slope of the demand curve was calculated to determine the price elasticity of the product.
solar,B2,The efficiency of the newly installed solar panels has been significantly improved by the integration of advanced photovoltaic technology.
somewhat,B2,The experimental results were somewhat compromised by the variability in the sample preparation process.
soul,B2,"The concept of the soul has been extensively debated in philosophical discourse, particularly in relation to consciousness and personal identity."
specialist,B2,The report was reviewed by a specialist whose expertise in molecular biology was widely acknowledged.
species,B2,The classification of this newly discovered organism into a specific species was determined by analyzing its genetic sequence.
spiritual,B2,"The correlation between meditation and enhanced psychological well-being has been attributed to the spiritual dimension of the practice, which is often overlooked in clinical research."
split,B2,"The committee was split on the proposed policy changes, as the economic benefits were weighed against potential social costs."
sponsor,B2,"The research project was fully funded by a corporate sponsor, whose contributions were acknowledged in the final publication."
stable,B2,"The patient's condition remained stable throughout the night, although further observation was recommended by the attending physician."
stare,B2,The prolonged stare of the committee members was interpreted as a sign of disapproval before the proposal was rejected.
status,B2,"The status of the proposed legislation, which has been debated for several months, is yet to be officially confirmed by the committee."
steady,B2,"The company's market share has shown a steady increase over the past quarter, which has been attributed to its revised marketing strategy."
steel,B2,The structural integrity of the bridge was ensured by the high-grade steel that had been selected for its resistance to corrosion.
steep,B2,The gradient of the learning curve was found to be particularly steep for participants with no prior experience in the subject matter.
sticky,B2,"The adhesive properties of the substance were found to be particularly problematic in humid conditions, as the surface remained sticky long after the initial application."
stiff,B2,"The company's recruitment process was criticized for being too stiff, as it failed to accommodate candidates with non-traditional career paths."
stock,B2,"The company's stock, which had been steadily declining over the previous quarter, was eventually acquired by a major competitor."
stream,B2,"The live stream of the conference was interrupted by a technical glitch, which the organizers later attributed to an overloaded server."
stretch,B2,"The validity of the proposed model can be stretched to accommodate a wider range of variables, though its core assumptions remain unchanged."
strict,B2,The company's recruitment policy was governed by strict confidentiality protocols to ensure impartiality.
strike,B2,The committee decided to strike the proposed amendment from the final draft after it was deemed inconsistent with the organization's core principles.
struggle,B2,The company's struggle to adapt to the rapidly evolving market was exacerbated by a lack of investment in research and development.
submit,B2,"All project proposals must be submitted by the end of the fiscal quarter, as stipulated in the updated guidelines."
sum,B2,The sum of the data collected was deemed insufficient to draw any definitive conclusions.
surgery,B2,The success of the procedure was largely dependent on the precision with which the surgery was performed.
surround,B2,"The ancient citadel is surrounded by a formidable defensive wall, which was constructed to deter potential invaders."
surrounding,B2,The economic impact of the new policy was assessed by analyzing the surrounding regions' employment data.
suspect,B2,The suspect's alibi was thoroughly discredited by the forensic evidence presented during the trial.
swear,B2,The validity of the testimony was questioned after the witness admitted he had been asked to swear a false oath under duress.
sweep,B2,"The proposed reforms are expected to sweep across the entire regulatory framework, fundamentally altering compliance procedures."
sympathy,B2,"The professor's argument that economic inequality fosters social unrest was met with considerable sympathy from the audience, despite its controversial implications."
tale,B2,"The reliability of his account was questioned, as the tale appeared to be embellished with improbable details that contradicted documented evidence."
tank,B2,The military vehicle's fuel tank was deliberately designed to be self-sealing upon penetration by small-arms fire.
temporary,B2,The temporary suspension of the project was attributed to unforeseen budgetary constraints that had not been anticipated in the initial planning phase.
therapy,B2,The effectiveness of cognitive behavioral therapy has been widely documented in clinical studies focusing on anxiety disorders.
threat,B2,The threat posed by climate change to global food security is now widely acknowledged by international policymakers.
threaten,B2,The continued loss of biodiversity is widely acknowledged to threaten the stability of global ecosystems.
thus,B2,"The company's profits had declined for three consecutive quarters, thus necessitating a comprehensive restructuring of its operational strategy."
tone,B2,The tone of the report was widely criticized for being overly dismissive of alternative perspectives.
tough,B2,"The negotiations proved to be exceptionally tough, as the conflicting interests of the stakeholders could not be easily reconciled."
transfer,B2,The successful transfer of data between the two systems was ensured by implementing a standardized encryption protocol.
transform,B2,The company's outdated business model was radically transformed by the adoption of artificial intelligence technologies.
transition,B2,The company's transition to a fully remote operational model was facilitated by the implementation of robust digital infrastructure.
treat,B2,"The participants were randomly assigned to either the control group or the experimental group, which would receive the novel therapeutic treat."
treatment,B2,"The effectiveness of the treatment, which was administered under strict clinical supervision, has been thoroughly documented in the latest medical report."
trend,B2,The upward trend in renewable energy adoption has been largely attributed to declining production costs and stricter environmental regulations.
trial,B2,"The efficacy of the new drug was evaluated during a large-scale clinical trial, the results of which were later published in a peer-reviewed journal."
trick,B2,"The effectiveness of the marketing campaign relied on a clever perceptual trick, which was designed to subtly influence consumer behavior without their explicit awareness."
tropical,B2,The ecological impact of deforestation in tropical regions has been extensively documented by climate researchers.
truly,B2,The extent to which the proposed solution can be considered innovative is truly dependent on the rigorous methodology applied during its development.
trust,B2,The mutual trust between the departments was gradually eroded by the lack of transparent communication.
truth,B2,The inherent truth of the theory was gradually revealed through a meticulous analysis of the collected data.
tube,B2,The contents of the sample were analyzed after being passed through a calibrated glass tube to ensure the removal of particulate matter.
tune,B2,The precise tune of the negotiation was carefully adjusted to accommodate the conflicting interests of both parties.
tunnel,B2,"The structural integrity of the tunnel was compromised after the earthquake, necessitating its immediate closure for comprehensive safety inspections."
typically,B2,The results of the study are typically interpreted within the context of pre-existing socioeconomic variables.
tyre,B2,The effectiveness of the new braking system was found to be significantly compromised when the tyre pressure was not maintained within the recommended range.
ugly,B2,"The architectural design, though functional, was widely regarded as aesthetically ugly by the planning committee."
ultimately,B2,The company's long-term strategy was ultimately determined by the board's assessment of global market trends.
unable,B2,The committee was unable to reach a consensus due to the conflicting data presented in the final report.
uncomfortable,B2,The prolonged silence during the negotiation left the delegates feeling increasingly uncomfortable with the proposed terms.
unconscious,B2,The patient's prolonged state of unconsciousness was attributed to the severe trauma sustained during the collision.
underwear,B2,The hygienic standards of the garment industry require that all underwear be thoroughly inspected before it is packaged for retail distribution.
unemployed,B2,"The long-term unemployed often face significant barriers to re-entering the workforce, as their skills may have become outdated during periods of economic stagnation."
unemployment,B2,The long-term effects of unemployment on economic growth have been extensively documented in recent academic literature.
unexpected,B2,"The correlation between the variables was entirely unexpected, given the stringent controls applied during the initial phase of the study."
unfair,B2,"The decision to terminate the contract was widely regarded as unfair, given that the terms had been negotiated in good faith."
union,B2,The formation of the trade union was widely regarded as a necessary step to protect workers' rights within the rapidly industrializing sector.
unique,B2,"The artist's distinctive style, which has been widely praised by critics, is considered unique within the contemporary art movement."
universe,B2,The expansion of the universe is believed to have accelerated due to the influence of a mysterious force known as dark energy.
unknown,B2,The precise cause of the structural failure remained unknown until a comprehensive forensic analysis was conducted.
unless,B2,"Unless the data is subjected to rigorous peer review, the conclusions should not be considered definitive."
unlike,B2,"Unlike most of his contemporaries, the author's work was characterized by a deliberate avoidance of sentimentalism."
unlikely,B2,It is highly unlikely that the proposed policy will be implemented without significant revision to its current framework.
unnecessary,B2,"The inclusion of additional variables in the regression model was deemed unnecessary, as they failed to improve its predictive accuracy."
unpleasant,B2,The prolonged exposure to the chemical agent resulted in an unpleasant sensation that was described by the participants as a persistent burning irritation.
update,B2,"The software update, which was scheduled for release last quarter, has been postponed indefinitely due to unresolved compatibility issues."
upon,B2,The committee's final decision was contingent upon the receipt of the complete financial audit.
upper,B2,The upper echelons of the organization were found to have been largely unaware of the operational irregularities reported by junior staff.
upset,B2,The results of the election were widely expected to upset the established political order.
upwards,B2,"The revised budget forecast projected an upwards adjustment in operational costs, driven primarily by inflationary pressures on raw materials."
urban,B2,The rapid expansion of urban areas has been linked to significant changes in regional climate patterns.
urge,B2,"The committee felt a strong urge to revise the policy, though the proposal was ultimately rejected by the board."
valuable,B2,The researcher's contribution was considered particularly valuable because it provided a new framework for interpreting the data.
value,B2,The economic value of the proposed policy was assessed by analyzing its long-term impact on regional employment rates.
vary,B2,The extent to which consumer preferences vary across different demographic groups has been extensively documented in the marketing literature.
vast,B2,The vast majority of the data was collected during the initial phase of the longitudinal study.
venue,B2,The conference venue was selected based on its capacity to accommodate the anticipated number of international delegates.
via,B2,"The findings were communicated to the stakeholders via a detailed quarterly report, which had been compiled by the research team."
victory,B2,The company's victory in the patent dispute was attributed to the rigorous documentation of its research protocols.
violence,B2,The correlation between exposure to violent media and subsequent acts of real-world violence has been extensively documented in psychological research.
virtual,B2,The efficacy of the new treatment was evaluated using a virtual simulation that replicated real-world patient responses.
vision,B2,"The company’s long-term vision for sustainable growth was outlined in the annual report, which was reviewed by the board of directors."
visual,B2,"The effectiveness of the marketing campaign was largely attributed to its strong visual appeal, which had been carefully designed to target a younger demographic."
vital,B2,It is widely acknowledged that access to clean water is vital for the prevention of infectious diseases in developing regions.
vitamin,B2,The role of vitamin D in calcium absorption has been extensively documented in peer-reviewed medical literature.
volume,B2,The volume of data generated by the experiment was so vast that it could not be processed without the aid of specialized software.
wage,B2,The minimum wage was raised by the government in an effort to reduce income inequality among low-skilled workers.
weakness,B2,A significant weakness in the proposed methodology was identified during the peer review process.
wealth,B2,"The distribution of wealth within a society is often determined by a complex interplay of historical, political, and economic factors."
wealthy,B2,The correlation between educational attainment and socioeconomic status suggests that children from wealthy backgrounds are often afforded greater access to academic resources.
whereas,B2,"Whereas the initial proposal was widely accepted by the committee, the revised version was met with considerable skepticism."
wherever,B2,The policy is applied consistently wherever significant discrepancies in the data are identified during the audit process.
whisper,B2,The confidential report was whispered among the senior analysts to avoid alerting the competitors.
whom,B2,The candidate to whom the award was presented had demonstrated exceptional leadership throughout the project.
widely,B2,The findings of the longitudinal study have been widely cited in subsequent academic literature on cognitive development.
wildlife,B2,The impact of urban expansion on local wildlife has been extensively documented in recent ecological studies.
willing,B2,The committee was not willing to approve the revised proposal until further evidence had been submitted.
wire,B2,The electrical signals transmitted through the wire were found to be significantly distorted by the surrounding magnetic field.
wise,B2,It was considered wise to postpone the investment until the market volatility had subsided.
witness,B2,The decline in biodiversity in the region was witnessed by several independent research teams over the course of the decade.
wound,B2,The severity of the wound was assessed by the medical team before any treatment could be administered.
wrap,B2,"The negotiations are expected to wrap up by the end of the month, following the finalization of the contractual terms."
zone,B2,The construction of the new commercial complex was restricted to a designated zone where environmental impact assessments had already been completed.
